change_ms,time_ms,diff_ms
166.0,165.125,-0.875
266.0,267.392,1.391999999999996
278.0,280.363,2.3629999999999995
290.0,292.336,2.3360000000000127
302.0,303.81,1.8100000000000023
314.0,316.281,2.281000000000006
688.0,690.93,2.92999999999995
926.0,924.399,-1.600999999999999
942.0,940.363,-1.6369999999999436
1538.0,1538.503,0.5029999999999291
1552.0,1552.472,0.47199999999998
1566.0,1566.44,0.44000000000005457
1580.0,1580.408,0.4079999999999018
1828.0,1826.349,-1.6510000000000673
1844.0,1842.313,-1.6869999999998981
2707.0,2706.349,-0.6509999999998399
2722.0,2721.315,-0.6849999999999454
2885.0,2886.44,1.4400000000000546
2898.0,2899.41,1.4099999999998545
3289.0,3286.531,-2.469000000000051
3306.0,3303.492,-2.507999999999811
3513.0,3512.517,-0.4830000000001746
3528.0,3527.483,-0.5169999999998254
4916.0,4918.322,2.3220000000001164
4928.0,4930.295,2.2950000000000728
4995.0,4996.644,1.6440000000002328
5008.0,5009.615,1.6149999999997817
5747.0,5744.444,-2.5559999999995853
5764.0,5761.406,-2.594000000000051
6218.0,6216.372,-1.6279999999997017
6234.0,6232.336,-1.66399999999976
6527.0,6528.662,1.662000000000262
6540.0,6541.633,1.6329999999998108
6597.0,6598.503,1.5029999999997017
6610.0,6611.474,1.47400000000016
6933.0,6932.744,-0.25600000000031287
6948.0,6947.71,-0.2899999999999636
7237.0,7236.553,-0.4470000000001164
7252.0,7251.519,-0.48099999999976717
7269.0,7266.485,-2.5150000000003274
7286.0,7283.447,-2.5529999999998836
7697.0,7698.503,1.5029999999997017
7710.0,7711.474,1.47400000000016
7722.0,7724.444,2.4440000000004147
7734.0,7736.417,2.417000000000371
8043.0,8044.717,1.7169999999996435
8056.0,8057.687,1.6869999999998981
8138.0,8138.503,0.5029999999997017
8152.0,8152.472,0.4719999999997526
8567.0,8568.526,1.52599999999984
8580.0,8581.497,1.4969999999993888
8697.0,8694.739,-2.261000000000422
8714.0,8711.701,-2.2990000000008877
10045.0,10044.671,-0.3289999999997235
10060.0,10059.637,-0.36299999999937427
10360.0,10360.454,0.4539999999997235
10374.0,10374.422,0.4220000000004802
10632.0,10632.336,0.3359999999993306
10646.0,10646.304,0.3040000000000873
11223.0,11222.494,-0.5059999999994034
11238.0,11237.46,-0.5400000000008731
11550.0,11548.254,-1.745999999999185
11566.0,11564.717,-1.282999999999447
11960.0,11962.313,2.313000000000102
11972.0,11974.286,2.286000000000058
12055.0,12054.603,-0.397000000000844
12070.0,12069.569,-0.43100000000049477
12143.0,12144.399,1.3989999999994325
12156.0,12157.37,1.3700000000008004
12719.0,12716.599,-2.40099999999984
12736.0,12733.56,-2.4400000000005093
12990.0,12988.481,-1.5190000000002328
13006.0,13004.444,-1.5560000000004948
14256.0,14254.603,-1.397000000000844
14272.0,14270.567,-1.4330000000009022
14911.0,14908.617,-2.382999999999811
14928.0,14925.578,-2.42200000000048
15439.0,15436.417,-2.5830000000005384
15456.0,15453.379,-2.620999999999185
15874.0,15874.422,0.4220000000004802
15888.0,15888.39,0.3899999999994179
17063.0,17060.726,-2.2740000000012515
17080.0,17077.687,-2.312999999998283
17677.0,17678.322,1.3220000000001164
17690.0,17691.293,1.2930000000014843
18067.0,18066.44,-0.5600000000013097
18082.0,18081.406,-0.5940000000009604
18099.0,18096.372,-2.628000000000611
18116.0,18113.333,-2.6670000000012806
18903.0,18904.535,1.5349999999998545
18916.0,18917.506,1.5060000000012224
19010.0,19012.29,2.290000000000873
19022.0,19024.263,2.2629999999990105
19037.0,19036.735,-0.2649999999994179
19052.0,19051.701,-0.2989999999990687
19168.0,19166.44,-1.5600000000013097
19184.0,19182.404,-1.5960000000013679
19540.0,19540.59,0.5900000000001455
19554.0,19554.558,0.5580000000009022
19567.0,19568.526,1.526000000001659
19580.0,19581.497,1.4969999999993888
19852.0,19850.385,-1.6150000000016007
19868.0,19866.349,-1.651000000001659
19918.0,19920.726,2.7259999999987485
19930.0,19932.698,2.69800000000032
20229.0,20228.526,-0.4739999999983411
20244.0,20243.492,-0.5080000000016298
20352.0,20354.739,2.739000000001397
20364.0,20366.712,2.7119999999995343
20435.0,20434.558,-0.4419999999990978
20450.0,20449.524,-0.47599999999874854
20464.0,20464.49,0.4900000000016007
20478.0,20478.458,0.45799999999871943
20857.0,20856.599,-0.4010000000016589
20872.0,20871.565,-0.4350000000013097
21257.0,21254.694,-2.3060000000004948
21274.0,21271.655,-2.345000000001164
21653.0,21654.286,1.2860000000000582
21666.0,21667.755,1.7550000000010186
21806.0,21808.435,2.4350000000013097
21818.0,21820.408,2.407999999999447
22042.0,22040.408,-1.592000000000553
22058.0,22056.372,-1.6280000000006112
22230.0,22228.481,-1.5190000000002328
22246.0,22244.444,-1.5560000000004948
22589.0,22588.662,-0.33799999999973807
22604.0,22603.628,-0.3719999999993888
23383.0,23382.358,-0.6419999999998254
23398.0,23397.324,-0.6759999999994761
23565.0,23566.44,1.4399999999986903
23578.0,23579.41,1.4099999999998545
23636.0,23634.286,-1.7139999999999418
23652.0,23650.748,-1.2520000000004075
23668.0,23666.712,-1.2880000000004657
23684.0,23682.676,-1.3240000000005239
23964.0,23966.531,2.5309999999990396
23976.0,23978.503,2.503000000000611
24511.0,24512.29,1.2900000000008731
24524.0,24525.261,1.260999999998603
24769.0,24766.712,-2.2880000000004657
24786.0,24783.673,-2.327000000001135
24802.0,24800.635,-1.3650000000016007
24818.0,24816.599,-1.401000000001659
24996.0,24996.689,0.6889999999984866
25010.0,25010.658,0.657999999999447
25929.0,25930.567,1.5669999999990978
25942.0,25943.537,1.537000000000262
26090.0,26090.703,0.7030000000013388
26104.0,26104.671,0.6709999999984575
26210.0,26212.426,2.425999999999476
26222.0,26224.399,2.3990000000012515
26236.0,26236.372,0.3719999999993888
26250.0,26250.34,0.3400000000001455
26755.0,26754.694,-0.30600000000049477
26770.0,26769.66,-0.3400000000001455
27583.0,27584.308,1.3080000000009022
27596.0,27597.279,1.2789999999986321
27613.0,27610.249,-2.7510000000002037
27630.0,27627.71,-2.290000000000873
28125.0,28126.576,1.5760000000009313
28138.0,28139.546,1.5459999999984575
28467.0,28468.299,1.2989999999990687
28480.0,28481.27,1.2700000000004366
28572.0,28572.562,0.5620000000017171
28586.0,28586.531,0.5309999999990396
28788.0,28788.571,0.5709999999999127
28802.0,28802.54,0.5400000000008731
28874.0,28872.381,-1.6189999999987776
28890.0,28888.345,-1.6549999999988358
29714.0,29716.463,2.462999999999738
29726.0,29728.435,2.4350000000013097
29781.0,29782.313,1.3129999999982829
29794.0,29795.283,1.282999999999447
29945.0,29944.444,-0.5560000000004948
29960.0,29959.41,-0.5900000000001455
30010.0,30010.295,0.29499999999825377
30024.0,30024.263,0.26299999999901047
30173.0,30172.426,-0.5740000000005239
30188.0,30187.392,-0.6080000000001746
30202.0,30202.358,0.3580000000001746
30216.0,30216.327,0.32700000000113505
31882.0,31880.544,-1.455999999998312
31898.0,31896.508,-1.4919999999983702
32076.0,32078.594,2.5940000000009604
32088.0,32090.567,2.566999999999098
32190.0,32192.336,2.3359999999993306
32202.0,32204.308,2.308000000000902
32782.0,32782.494,0.49399999999877764
32796.0,32796.463,0.46300000000337604
33026.0,33026.44,0.4400000000023283
33040.0,33040.408,0.408000000003085
34071.0,34068.571,-2.4289999999964493
34088.0,34085.533,-2.466999999996915
34404.0,34402.313,-1.6869999999980791
34420.0,34418.277,-1.7229999999981374
35033.0,35030.385,-2.6149999999979627
35050.0,35047.347,-2.6529999999984284
35432.0,35432.472,0.4720000000015716
35446.0,35446.44,0.4400000000023283
35816.0,35816.599,0.5990000000019791
35830.0,35830.567,0.5670000000027358
35908.0,35906.395,-1.6050000000032014
35924.0,35922.358,-1.6419999999998254
35936.0,35938.322,2.3220000000001164
35948.0,35950.295,2.2949999999982538
36150.0,36150.34,0.33999999999650754
36164.0,36164.308,0.30799999999726424
36469.0,36466.621,-2.379000000000815
36486.0,36483.583,-2.4170000000012806
36500.0,36500.544,0.544000000001688
36514.0,36514.512,0.5120000000024447
36528.0,36528.481,0.48099999999976717
36542.0,36542.449,0.44900000000052387
36684.0,36682.63,-1.3700000000026193
36700.0,36698.594,-1.4060000000026776
37356.0,37356.599,0.5990000000019791
37370.0,37370.567,0.5670000000027358
38356.0,38354.331,-1.669000000001688
38372.0,38370.295,-1.7050000000017462
38389.0,38386.259,-2.7410000000018044
38406.0,38403.719,-2.2810000000026776
40465.0,40464.535,-0.46499999999650754
40480.0,40479.501,-0.49900000000343425
40494.0,40494.467,0.466999999996915
40508.0,40508.435,0.4349999999976717
41060.0,41062.676,2.675999999999476
41072.0,41074.649,2.6489999999976135
41542.0,41544.58,2.5800000000017462
41554.0,41556.553,2.5529999999998836
42299.0,42300.363,1.3629999999975553
42312.0,42313.333,1.3329999999987194
42618.0,42618.639,0.6390000000028522
42632.0,42632.608,0.6080000000001746
42935.0,42936.417,1.4170000000012806
42948.0,42949.388,1.3879999999990105
43565.0,43562.494,-2.5060000000012224
43582.0,43579.456,-2.544000000001688
43803.0,43802.449,-0.5509999999994761
43818.0,43817.415,-0.5849999999991269
43890.0,43888.254,-1.745999999999185
43906.0,43904.717,-1.283000000003085
43920.0,43920.68,0.680000000000291
43934.0,43934.649,0.6489999999976135
44184.0,44186.576,2.5760000000009313
44196.0,44198.549,2.5489999999990687
44484.0,44482.404,-1.59599999999773
44500.0,44498.367,-1.6330000000016298
44810.0,44810.658,0.658000000003085
44824.0,44824.626,0.6259999999965657
45383.0,45382.358,-0.6419999999998254
45398.0,45397.324,-0.6759999999994761
45477.0,45476.644,-0.35599999999976717
45492.0,45491.61,-0.3899999999994179
46192.0,46190.522,-1.478000000002794
46514.0,46511.293,-2.7070000000021537
47100.0,47102.449,2.449000000000524
47112.0,47114.422,2.4219999999986612
48119.0,48116.644,-2.355999999999767
48136.0,48133.605,-2.3949999999967986
49875.0,49874.649,-0.3510000000023865
49890.0,49889.615,-0.38500000000203727
49902.0,49904.58,2.5800000000017462
49914.0,49916.553,2.5529999999998836
50082.0,50084.671,2.6710000000020955
50094.0,50096.644,2.644000000000233
50451.0,50450.34,-0.6600000000034925
50466.0,50465.306,-0.6940000000031432
50591.0,50588.526,-2.474000000001979
50608.0,50605.488,-2.5120000000024447
50623.0,50622.449,-0.5509999999994761
50638.0,50637.415,-0.5849999999991269
51733.0,51732.426,-0.5740000000005239
51748.0,51747.392,-0.6080000000001746
52751.0,52750.612,-0.38799999999901047
52766.0,52765.578,-0.4219999999986612
53579.0,53578.73,-0.2699999999967986
53594.0,53593.696,-0.30399999999644933
53648.0,53646.576,-1.4239999999990687
53664.0,53662.54,-1.4599999999991269
54326.0,54324.535,-1.4649999999965075
54342.0,54340.499,-1.5009999999965657
54608.0,54610.385,2.3850000000020373
54620.0,54622.358,2.3580000000001746
54637.0,54634.331,-2.669000000001688
54654.0,54651.293,-2.7070000000021537
54722.0,54722.63,0.6299999999973807
54736.0,54736.599,0.5990000000019791
55349.0,55346.712,-2.2880000000004657
55366.0,55363.673,-2.326999999997497
55487.0,55486.395,-0.6050000000032014
55502.0,55501.361,-0.6390000000028522
55518.0,55516.327,-1.673000000002503
55534.0,55532.29,-1.7099999999991269
57008.0,57008.435,0.4349999999976717
57022.0,57022.404,0.4040000000022701
57195.0,57196.508,1.5080000000016298
57208.0,57209.478,1.478000000002794
57754.0,57756.735,2.735000000000582
57766.0,57768.707,2.7070000000021537
58297.0,58296.508,-0.4919999999983702
58312.0,58311.474,-0.5259999999980209
58930.0,58931.565,1.5650000000023283
59678.0,59678.367,0.3669999999983702
59692.0,59692.336,0.3360000000029686
59704.0,59706.304,2.3039999999964493
59716.0,59718.277,2.2770000000018626
60432.0,60432.653,0.6529999999984284
60446.0,60446.621,0.6209999999991851
60556.0,60556.372,0.3720000000030268
60570.0,60570.34,0.33999999999650754
60986.0,60984.399,-1.6010000000023865
61002.0,61000.363,-1.6370000000024447
61335.0,61334.603,-0.39699999999720603
61350.0,61349.569,-0.4309999999968568
62215.0,62212.608,-2.3919999999998254
62232.0,62229.569,-2.430999999996857
63263.0,63260.726,-2.2739999999976135
63280.0,63277.687,-2.313000000001921
64352.0,64352.245,0.24500000000261934
64366.0,64366.712,0.7119999999995343
64381.0,64380.68,-0.31999999999970896
64396.0,64395.646,-0.3539999999993597
65264.0,65266.667,2.6670000000012806
65276.0,65278.639,2.639000000002852
65649.0,65646.304,-2.6959999999962747
65666.0,65663.265,-2.735000000000582
66326.0,66328.753,2.752999999996973
66338.0,66340.726,2.7259999999951106
67886.0,67888.707,2.7069999999948777
67898.0,67900.68,2.679999999993015
68588.0,68590.612,2.6119999999937136
68600.0,68602.585,2.585000000006403
68982.0,68984.717,2.717000000004191
68994.0,68996.689,2.6889999999984866
69184.0,69184.263,0.2630000000062864
69198.0,69198.73,0.7299999999959255
69679.0,69680.635,1.6349999999947613
69692.0,69693.605,1.6049999999959255
70604.0,70606.531,2.5310000000026776
70616.0,70618.503,2.502999999996973
71624.0,71626.712,2.7119999999995343
71636.0,71638.685,2.6849999999976717
71734.0,71732.472,-1.5280000000057044
71750.0,71748.435,-1.5650000000023283
72050.0,72050.748,0.7480000000068685
72064.0,72064.717,0.717000000004191
72430.0,72430.385,0.3849999999947613
72444.0,72444.354,0.3540000000066357
72529.0,72530.658,1.657999999995809
72542.0,72543.628,1.6279999999969732
72714.0,72712.744,-1.2559999999939464
72730.0,72728.707,-1.2930000000051223
73115.0,73112.336,-2.6640000000043074
73132.0,73129.297,-2.702999999994063
73148.0,73146.259,-1.7409999999945285
73164.0,73162.721,-1.2789999999949941
73719.0,73718.458,-0.5420000000012806
73734.0,73733.424,-0.5760000000009313
74093.0,74094.603,1.603000000002794
74106.0,74107.574,1.573999999993248
74118.0,74120.544,2.543999999994412
74130.0,74132.517,2.5170000000071013
74390.0,74392.426,2.426000000006752
74402.0,74404.399,2.3990000000048894
75196.0,75198.594,2.5939999999973224
75208.0,75210.567,2.56699999999546
75303.0,75304.354,1.3540000000066357
75316.0,75317.324,1.323999999993248
76288.0,76290.612,2.6119999999937136
76300.0,76302.585,2.585000000006403
77128.0,77130.703,2.702999999994063
77140.0,77142.676,2.676000000006752
79327.0,79326.712,-0.28800000000046566
79342.0,79341.678,-0.3220000000001164
79831.0,79828.571,-2.4290000000037253
79848.0,79845.533,-2.467000000004191
80393.0,80390.295,-2.7050000000017462
80410.0,80407.755,-2.2449999999953434
80781.0,80778.413,-2.5869999999995343
80798.0,80795.374,-2.6260000000038417
80889.0,80888.662,-0.33800000000337604
80904.0,80903.628,-0.3720000000030268
81533.0,81530.703,-2.297000000005937
81550.0,81547.664,-2.3359999999956926
81722.0,81724.762,2.7620000000024447
81734.0,81736.735,2.735000000000582
82355.0,82352.336,-2.6640000000043074
82372.0,82369.297,-2.702999999994063
82386.0,82386.259,0.2590000000054715
82400.0,82400.726,0.7259999999951106
82614.0,82616.735,2.735000000000582
82626.0,82628.707,2.7069999999948777
82763.0,82760.408,-2.592000000004191
82780.0,82777.37,-2.6300000000046566
82894.0,82894.603,0.603000000002794
82908.0,82908.571,0.5709999999962747
83877.0,83876.372,-0.6279999999969732
83892.0,83891.338,-0.661999999996624
83909.0,83906.304,-2.6959999999962747
83926.0,83923.764,-2.236000000004424
84269.0,84268.481,-0.5190000000002328
84284.0,84283.447,-0.5529999999998836
84379.0,84376.735,-2.264999999999418
84396.0,84393.696,-2.3040000000037253
85352.0,85350.522,-1.478000000002794
85368.0,85366.485,-1.514999999999418
85382.0,85382.449,0.4489999999932479
85396.0,85396.417,0.41700000000128057
85822.0,85824.444,2.444000000003143
85834.0,85836.417,2.4170000000012806
85849.0,85848.39,-0.6100000000005821
85864.0,85863.356,-0.6440000000002328
86048.0,86049.433,1.4330000000045402
86507.0,86508.39,1.389999999999418
86520.0,86521.361,1.3610000000044238
86534.0,86534.331,0.33100000000558794
86548.0,86548.299,0.2989999999990687
86809.0,86810.703,1.7029999999940628
86822.0,86823.673,1.672999999995227
87098.0,87096.553,-1.4470000000001164
87114.0,87112.517,-1.4829999999928987
87242.0,87244.717,2.717000000004191
87254.0,87256.689,2.6889999999984866
87270.0,87268.662,-1.338000000003376
87286.0,87284.626,-1.3739999999961583
88024.0,88024.444,0.4440000000031432
88038.0,88038.413,0.41300000000046566
88228.0,88230.476,2.4759999999951106
88240.0,88242.449,2.448999999993248
89014.0,89014.694,0.6940000000031432
89028.0,89028.662,0.661999999996624
90096.0,90094.739,-1.260999999998603
90112.0,90110.703,-1.2970000000059372
90380.0,90382.585,2.585000000006403
90558.0,90558.685,0.6849999999976717
90572.0,90572.653,0.6530000000057044
90905.0,90904.399,-0.6009999999951106
90920.0,90919.365,-0.6349999999947613
91228.0,91230.159,2.1589999999996508
91666.0,91666.667,0.6670000000012806
91680.0,91680.635,0.6349999999947613
92426.0,92423.946,-2.0540000000037253
93428.0,93430.658,2.657999999995809
93440.0,93442.63,2.6300000000046566
93547.0,93546.395,-0.6049999999959255
93562.0,93561.361,-0.6389999999955762
94024.0,94024.308,0.3080000000045402
94038.0,94038.277,0.27700000000186265
94117.0,94114.603,-2.396999999997206
94134.0,94131.565,-2.4349999999976717
94202.0,94200.408,-1.592000000004191
94218.0,94216.372,-1.6279999999969732
94230.0,94232.336,2.3359999999956926
94242.0,94244.308,2.30800000000454
94254.0,94256.281,2.2810000000026776
94266.0,94268.753,2.752999999996973
94611.0,94608.481,-2.519000000000233
94628.0,94625.442,-2.55800000000454
96380.0,96382.449,2.448999999993248
96392.0,96394.422,2.422000000005937
96631.0,96630.385,-0.6150000000052387
96646.0,96645.351,-0.6490000000048894
96767.0,96768.571,1.5709999999962747
96780.0,96781.542,1.5420000000012806
96990.0,96988.571,-1.4290000000037253
97006.0,97004.535,-1.4649999999965075
97074.0,97072.381,-1.6190000000060536
97090.0,97088.345,-1.6549999999988358
97389.0,97388.662,-0.33800000000337604
97404.0,97403.628,-0.3720000000030268
98191.0,98188.345,-2.654999999998836
98208.0,98205.306,-2.694000000003143
98365.0,98364.444,-0.5559999999968568
98380.0,98379.41,-0.5899999999965075
98394.0,98394.376,0.3760000000038417
98408.0,98408.345,0.34500000000116415
98498.0,98498.639,0.6389999999955762
98512.0,98512.608,0.6079999999928987
98912.0,98914.694,2.694000000003143
99058.0,99059.864,1.864000000001397
99074.0,99072.336,-1.6640000000043074
99090.0,99088.299,-1.7010000000009313
100629.0,100628.299,-0.7010000000009313
100644.0,100643.764,-0.23600000000442378
101260.0,101262.358,2.3579999999928987
101272.0,101274.331,2.331000000005588
101325.0,101326.712,1.7119999999995343
101338.0,101339.683,1.6830000000045402
101426.0,101428.481,2.480999999999767
101438.0,101440.454,2.4539999999979045
102650.0,102650.703,0.7029999999940628
102664.0,102664.671,0.6710000000020955
102757.0,102756.463,-0.536999999996624
102772.0,102771.429,-0.5709999999962747
103088.0,103090.703,2.702999999994063
103100.0,103102.676,2.676000000006752
103112.0,103114.649,2.6490000000048894
103124.0,103126.621,2.620999999999185
103578.0,103580.59,2.5899999999965075
103590.0,103592.562,2.562000000005355
104416.0,104418.685,2.6849999999976717
104428.0,104430.658,2.657999999995809
104732.0,104730.476,-1.5240000000048894
104748.0,104746.44,-1.5599999999976717
104866.0,104868.662,2.661999999996624
104878.0,104880.635,2.6349999999947613
105129.0,105130.567,1.5669999999954598
105142.0,105143.537,1.536999999996624
106136.0,106136.281,0.28100000000267755
106150.0,106150.748,0.7480000000068685
106467.0,106468.526,1.525999999998021
106480.0,106481.497,1.4970000000030268
106708.0,106708.481,0.48099999999976717
106722.0,106722.449,0.4489999999932479
106949.0,106950.431,1.4309999999968568
106962.0,106963.401,1.400999999998021
106979.0,106976.372,-2.627999999996973
106996.0,106993.333,-2.6670000000012806
107057.0,107058.685,1.6849999999976717
107070.0,107071.655,1.6549999999988358
107084.0,107084.626,0.6260000000038417
107098.0,107098.594,0.5939999999973224
107175.0,107172.426,-2.573999999993248
107192.0,107189.388,-2.6119999999937136
107209.0,107206.349,-2.650999999998021
107226.0,107223.311,-2.6889999999984866
107573.0,107572.517,-0.48299999999289867
107588.0,107587.483,-0.5170000000071013
107826.0,107824.444,-1.5559999999968568
107842.0,107840.408,-1.592000000004191
108710.0,108708.435,-1.5650000000023283
108726.0,108724.399,-1.6009999999951106
109355.0,109354.467,-0.532999999995809
109370.0,109369.433,-0.5669999999954598
109465.0,109466.712,1.7119999999995343
109478.0,109479.683,1.6830000000045402
109493.0,109492.653,-0.34699999999429565
109508.0,109507.619,-0.3809999999939464
109524.0,109522.585,-1.4149999999935972
109540.0,109538.549,-1.4510000000009313
110146.0,110146.667,0.6670000000012806
110442.0,110441.497,-0.5029999999969732
110491.0,110492.381,1.3809999999939464
110504.0,110505.351,1.3509999999951106
110659.0,110656.508,-2.49199999999837
110676.0,110673.469,-2.5310000000026776
110926.0,110928.39,2.389999999999418
110938.0,110940.363,2.3629999999975553
111434.0,111432.744,-1.2559999999939464
111446.0,111448.707,2.7069999999948777
111850.0,111847.8,-2.1999999999970896
112598.0,112600.59,2.5899999999965075
112610.0,112612.562,2.562000000005355
112857.0,112858.503,1.5029999999969732
112870.0,112871.474,1.474000000001979
112882.0,112884.444,2.444000000003143
112894.0,112896.417,2.4170000000012806
113044.0,113044.58,0.5800000000017462
113058.0,113058.549,0.5489999999990687
113075.0,113072.517,-2.4829999999928987
113092.0,113089.478,-2.521999999997206
114331.0,114328.662,-2.338000000003376
114348.0,114345.624,-2.3760000000038417
114449.0,114448.39,-0.6100000000005821
114464.0,114463.356,-0.6440000000002328
114477.0,114478.322,1.3220000000001164
114490.0,114491.293,1.2930000000051223
114555.0,114552.653,-2.3469999999942956
114572.0,114569.615,-2.3849999999947613
115242.0,115240.59,-1.4100000000034925
115258.0,115256.553,-1.4470000000001164
116168.0,116168.481,0.48099999999976717
116182.0,116182.449,0.4489999999932479
116197.0,116196.417,-0.5829999999987194
116212.0,116211.383,-0.6169999999983702
116596.0,116594.512,-1.4879999999975553
116612.0,116610.476,-1.5240000000048894
116628.0,116626.44,-1.5599999999976717
116644.0,116642.404,-1.5960000000050059
116971.0,116968.662,-2.338000000003376
116988.0,116985.624,-2.3760000000038417
117294.0,117292.426,-1.573999999993248
117310.0,117308.39,-1.610000000000582
117635.0,117636.644,1.6440000000002328
117648.0,117649.615,1.6150000000052387
117894.0,117894.558,0.5580000000045402
117908.0,117908.526,0.5259999999980209
117924.0,117922.494,-1.5059999999939464
117940.0,117938.458,-1.5420000000012806
118027.0,118026.259,-0.7409999999945285
118042.0,118041.723,-0.27700000000186265
118208.0,118208.345,0.34500000000116415
118222.0,118222.313,0.3129999999946449
118409.0,118408.39,-0.6100000000005821
118424.0,118423.356,-0.6440000000002328
118719.0,118720.68,1.679999999993015
118732.0,118733.651,1.650999999998021
119758.0,119756.327,-1.672999999995227
119774.0,119772.29,-1.7100000000064028
119840.0,119842.63,2.6300000000046566
119852.0,119854.603,2.603000000002794
119865.0,119866.576,1.5760000000009313
119878.0,119879.546,1.5460000000020955
119892.0,119892.517,0.5170000000071013
119906.0,119906.485,0.4850000000005821
