Zeit (s),Spektral Centroid (Hz),Power (dB),Energy,Peak Frequenz (Hz),Spectral Flux,Bandbreite (Hz),Spectral Flatness,Spectral Rolloff (Hz)
0.000,1216.33,-76.26,0.192111,1000.00,0.000000,1336.56,0.000003,1235.00
0.050,1168.67,-76.35,0.372551,1000.00,1402.502930,1184.05,0.000001,1125.00
0.100,1051.70,-78.72,0.411149,1000.00,875.740295,666.04,0.000000,1005.00
0.150,1004.02,-79.95,0.411356,1000.00,86.216499,226.73,0.000000,1005.00
0.200,1004.05,-79.95,0.411356,1000.00,0.040381,228.09,0.000000,1005.00
0.250,1004.11,-79.95,0.411354,1000.00,0.122282,229.16,0.000000,1005.00
0.300,1003.57,-79.95,0.411346,1000.00,0.136963,213.43,0.000000,1005.00
0.350,1003.33,-79.95,0.411352,1000.00,0.131400,207.00,0.000000,1005.00
0.400,1003.66,-79.95,0.411356,1000.00,0.109670,216.23,0.000000,1005.00
0.450,1004.00,-79.95,0.411356,1000.00,0.061283,225.57,0.000000,1005.00
0.500,1003.96,-79.95,0.411356,1000.00,0.038422,222.83,0.000000,1005.00
0.550,1004.33,-79.95,0.411356,1000.00,0.065939,233.05,0.000000,1005.00
0.600,1004.01,-79.95,0.411349,1000.00,0.157805,225.95,0.000000,1005.00
0.650,1003.73,-79.95,0.411348,1000.00,0.080457,219.15,0.000000,1005.00
0.700,1003.67,-79.95,0.411356,1000.00,0.161678,217.00,0.000000,1005.00
0.750,1003.50,-79.95,0.411355,1000.00,0.065784,214.74,0.000000,1005.00
0.800,1003.50,-79.95,0.411345,1000.00,0.138690,213.19,0.000000,1005.00
0.850,1003.61,-79.95,0.411351,1000.00,0.101654,215.32,0.000000,1005.00
0.900,1003.75,-79.95,0.411346,1000.00,0.075240,220.22,0.000000,1005.00
0.950,1004.05,-79.95,0.411349,1000.00,0.049423,228.56,0.000000,1005.00
1.000,1004.11,-79.95,0.411356,1000.00,0.131659,230.42,0.000000,1005.00
1.050,1004.08,-79.95,0.411356,1000.00,0.030400,229.61,0.000000,1005.00
1.100,1003.98,-79.95,0.411349,1000.00,0.133475,225.81,0.000000,1005.00
1.150,1003.66,-79.95,0.411337,1000.00,0.138392,214.99,0.000000,1005.00
1.200,1003.83,-79.95,0.411347,1000.00,0.131255,223.86,0.000000,1005.00
1.250,1003.89,-79.95,0.411346,1000.00,0.065363,225.27,0.000000,1005.00
1.300,1003.79,-79.95,0.411350,1000.00,0.060091,219.82,0.000000,1005.00
1.350,1004.20,-79.95,0.411356,1000.00,0.128781,230.65,0.000000,1005.00
1.400,1004.16,-79.95,0.411356,1000.00,0.030339,229.77,0.000000,1005.00
1.450,1003.80,-79.95,0.411355,1000.00,0.055813,219.87,0.000000,1005.00
1.500,1003.31,-79.95,0.411346,1000.00,0.141179,204.78,0.000000,1005.00
1.550,1003.46,-79.95,0.411349,1000.00,0.063500,212.08,0.000000,1005.00
1.600,1003.91,-79.95,0.411356,1000.00,0.143542,227.94,0.000000,1005.00
1.650,1004.19,-79.95,0.411356,1000.00,0.053071,233.34,0.000000,1005.00
1.700,1004.21,-79.95,0.411356,1000.00,0.071604,232.16,0.000000,1005.00
1.750,1004.03,-79.95,0.411356,1000.00,0.039463,228.63,0.000000,1005.00
1.800,1003.97,-79.95,0.411356,1000.00,0.028910,224.83,0.000000,1005.00
1.850,1003.98,-79.95,0.411351,1000.00,0.121419,224.31,0.000000,1005.00
1.900,1003.75,-79.95,0.411344,1000.00,0.093511,214.23,0.000000,1005.00
1.950,1003.41,-79.95,0.411341,1000.00,0.070538,205.21,0.000000,1005.00
2.000,1003.78,-79.95,0.411339,1000.00,0.065859,219.83,0.000000,1005.00
2.050,1004.24,-79.95,0.411354,1000.00,0.167015,233.18,0.000000,1005.00
2.100,1004.20,-79.95,0.411356,1000.00,0.101929,232.87,0.000000,1005.00
2.150,1004.34,-79.95,0.411356,1000.00,0.047119,237.44,0.000000,1005.00
2.200,1004.07,-79.95,0.411356,1000.00,0.061155,227.34,0.000000,1005.00
2.250,1003.74,-79.95,0.411356,1000.00,0.038048,216.08,0.000000,1005.00
2.300,1003.59,-79.95,0.411356,1000.00,0.028286,213.13,0.000000,1005.00
2.350,1003.71,-79.95,0.411355,1000.00,0.054358,217.67,0.000000,1005.00
2.400,1003.95,-79.95,0.411346,1000.00,0.141110,225.89,0.000000,1005.00
2.450,1003.73,-79.95,0.411349,1000.00,0.051430,220.39,0.000000,1005.00
2.500,1003.46,-79.95,0.411356,1000.00,0.141745,211.51,0.000000,1005.00
2.550,1003.59,-79.95,0.411350,1000.00,0.126888,213.89,0.000000,1005.00
2.600,1003.93,-79.95,0.411346,1000.00,0.082985,222.35,0.000000,1005.00
2.650,1004.00,-79.95,0.411355,1000.00,0.141692,226.55,0.000000,1005.00
2.700,1003.94,-79.95,0.411356,1000.00,0.060694,228.00,0.000000,1005.00
2.750,1003.85,-79.95,0.411356,1000.00,0.030676,225.08,0.000000,1005.00
2.800,1003.57,-79.95,0.411356,1000.00,0.027634,215.89,0.000000,1005.00
2.850,1003.81,-79.95,0.411356,1000.00,0.028521,223.52,0.000000,1005.00
2.900,1003.87,-79.95,0.411356,1000.00,0.033539,223.14,0.000000,1005.00
2.950,1003.92,-79.95,0.411356,1000.00,0.062665,223.45,0.000000,1005.00
3.000,1003.91,-79.95,0.411356,1000.00,0.041267,224.39,0.000000,1005.00
3.050,1003.82,-79.95,0.411356,1000.00,0.036426,223.22,0.000000,1005.00
3.100,1003.72,-79.95,0.411356,1000.00,0.050551,220.59,0.000000,1005.00
3.150,1003.78,-79.95,0.411356,1000.00,0.048846,219.23,0.000000,1005.00
3.200,1004.07,-79.95,0.411356,1000.00,0.028077,227.19,0.000000,1005.00
3.250,1003.95,-79.95,0.411356,1000.00,0.030943,226.12,0.000000,1005.00
3.300,1003.82,-79.95,0.411356,1000.00,0.029131,221.57,0.000000,1005.00
3.350,1003.84,-79.95,0.411356,1000.00,0.038102,222.55,0.000000,1005.00
3.400,1004.07,-79.95,0.411356,1000.00,0.058843,227.07,0.000000,1005.00
3.450,1004.40,-79.95,0.411356,1000.00,0.042838,234.69,0.000000,1005.00
3.500,1004.06,-79.95,0.411356,1000.00,0.056544,226.57,0.000000,1005.00
3.550,1004.04,-79.95,0.411356,1000.00,0.032647,227.71,0.000000,1005.00
3.600,1004.26,-79.95,0.411356,1000.00,0.027259,232.75,0.000000,1005.00
3.650,1004.05,-79.95,0.411356,1000.00,0.041839,226.33,0.000000,1005.00
3.700,1003.75,-79.95,0.411348,1000.00,0.155733,219.50,0.000000,1005.00
3.750,1003.67,-79.95,0.411334,1000.00,0.148122,215.71,0.000000,1005.00
3.800,1003.45,-79.95,0.411352,1000.00,0.199792,208.33,0.000000,1005.00
3.850,1003.50,-79.95,0.411357,1000.00,0.102918,211.37,0.000000,1005.00
3.900,1003.91,-79.95,0.411357,1000.00,0.076142,221.14,0.000000,1005.00
3.950,1003.82,-79.95,0.411356,1000.00,0.087047,219.66,0.000000,1005.00
4.000,1003.73,-79.95,0.411356,1000.00,0.029208,219.30,0.000000,1005.00
4.050,1003.85,-79.95,0.411356,1000.00,0.029152,222.04,0.000000,1005.00
4.100,1004.11,-79.95,0.411356,1000.00,0.027847,228.40,0.000000,1005.00
4.150,1004.00,-79.95,0.411356,1000.00,0.027781,223.76,0.000000,1005.00
4.200,1003.92,-79.95,0.411355,1000.00,0.060155,220.99,0.000000,1005.00
4.250,1003.56,-79.95,0.411346,1000.00,0.140748,212.36,0.000000,1005.00
4.300,1003.83,-79.95,0.411350,1000.00,0.057588,221.49,0.000000,1005.00
4.350,1004.20,-79.95,0.411356,1000.00,0.130053,233.13,0.000000,1005.00
4.400,1003.99,-79.95,0.411352,1000.00,0.113590,225.72,0.000000,1005.00
4.450,1003.69,-79.95,0.411345,1000.00,0.105310,215.02,0.000000,1005.00
4.500,1003.87,-79.95,0.411354,1000.00,0.138940,221.88,0.000000,1005.00
4.550,1003.88,-79.95,0.411356,1000.00,0.084549,224.40,0.000000,1005.00
4.600,1003.60,-79.95,0.411356,1000.00,0.039564,218.23,0.000000,1005.00
4.650,1003.65,-79.95,0.411356,1000.00,0.103617,219.24,0.000000,1005.00
4.700,1003.77,-79.95,0.411357,1000.00,0.057797,223.21,0.000000,1005.00
4.750,1003.71,-79.95,0.411356,1000.00,0.086628,224.24,0.000000,1005.00
4.800,1003.84,-79.95,0.411356,1000.00,0.063191,225.05,0.000000,1005.00
4.850,1004.15,-79.95,0.411356,1000.00,0.049008,231.93,0.000000,1005.00
4.900,1004.33,-79.95,0.411355,1000.00,0.089634,238.77,0.000000,1005.00
4.950,1004.27,-79.95,0.411345,1000.00,0.142172,235.77,0.000000,1005.00
5.000,1004.20,-79.95,0.411351,1000.00,0.085831,232.08,0.000000,1005.00
5.050,1004.13,-79.95,0.411356,1000.00,0.130655,232.20,0.000000,1005.00
5.100,1004.19,-79.95,0.411356,1000.00,0.044270,231.42,0.000000,1005.00
5.150,1004.08,-79.95,0.411356,1000.00,0.058348,225.90,0.000000,1005.00
5.200,1003.62,-79.95,0.411356,1000.00,0.045170,212.31,0.000000,1005.00
5.250,1003.68,-79.95,0.411356,1000.00,0.060312,214.92,0.000000,1005.00
5.300,1003.68,-79.95,0.411356,1000.00,0.037320,216.31,0.000000,1005.00
5.350,1003.63,-79.95,0.411356,1000.00,0.026854,216.96,0.000000,1005.00
5.400,1003.61,-79.95,0.411356,1000.00,0.028653,217.04,0.000000,1005.00
5.450,1003.84,-79.95,0.411356,1000.00,0.028018,222.80,0.000000,1005.00
5.500,1004.27,-79.95,0.411356,1000.00,0.029728,232.27,0.000000,1005.00
5.550,1004.12,-79.95,0.411356,1000.00,0.029849,226.97,0.000000,1005.00
5.600,1003.85,-79.95,0.411356,1000.00,0.050041,222.33,0.000000,1005.00
5.650,1003.86,-79.95,0.411349,1000.00,0.145569,224.82,0.000000,1005.00
5.700,1003.79,-79.95,0.411347,1000.00,0.054686,223.46,0.000000,1005.00
5.750,1003.68,-79.95,0.411355,1000.00,0.153291,220.01,0.000000,1005.00
5.800,1003.90,-79.95,0.411356,1000.00,0.067401,224.95,0.000000,1005.00
5.850,1004.11,-79.95,0.411356,1000.00,0.042113,227.82,0.000000,1005.00
5.900,1003.89,-79.95,0.411356,1000.00,0.055992,220.69,0.000000,1005.00
5.950,1004.00,-79.95,0.411356,1000.00,0.029831,226.26,0.000000,1005.00
6.000,1004.11,-79.95,0.411355,1000.00,0.064085,231.76,0.000000,1005.00
6.050,1003.80,-79.95,0.411346,1000.00,0.149451,220.06,0.000000,1005.00
6.100,1003.81,-79.95,0.411347,1000.00,0.108372,219.35,0.000000,1005.00
6.150,1004.05,-79.95,0.411335,1000.00,0.235049,228.28,0.000000,1005.00
6.200,1003.91,-79.95,0.411343,1000.00,0.157075,226.62,0.000000,1005.00
6.250,1003.93,-79.95,0.411345,1000.00,0.130587,222.24,0.000000,1005.00
6.300,1003.88,-79.95,0.411352,1000.00,0.123894,221.32,0.000000,1005.00
6.350,1003.43,-79.95,0.411328,1000.00,0.307834,211.56,0.000000,1005.00
6.400,1003.62,-79.95,0.411336,1000.00,0.126191,215.05,0.000000,1005.00
6.450,1003.80,-79.95,0.411356,1000.00,0.287932,219.52,0.000000,1005.00
6.500,1003.67,-79.95,0.411354,1000.00,0.084509,218.18,0.000000,1005.00
6.550,1003.42,-79.95,0.411345,1000.00,0.139766,212.55,0.000000,1005.00
6.600,1003.43,-79.95,0.411352,1000.00,0.103392,213.67,0.000000,1005.00
6.650,1003.79,-79.95,0.411356,1000.00,0.117448,220.88,0.000000,1005.00
6.700,1003.84,-79.95,0.411356,1000.00,0.036817,221.85,0.000000,1005.00
6.750,1003.93,-79.95,0.411356,1000.00,0.065864,225.62,0.000000,1005.00
6.800,1004.09,-79.95,0.411357,1000.00,0.090737,228.89,0.000000,1005.00
6.850,1004.34,-79.95,0.411357,1000.00,0.067119,236.01,0.000000,1005.00
6.900,1004.18,-79.95,0.411356,1000.00,0.081962,231.96,0.000000,1005.00
6.950,1003.97,-79.95,0.411356,1000.00,0.060203,227.34,0.000000,1005.00
7.000,1003.83,-79.95,0.411356,1000.00,0.041276,221.95,0.000000,1005.00
7.050,1003.86,-79.95,0.411356,1000.00,0.055975,222.25,0.000000,1005.00
7.100,1004.13,-79.95,0.411356,1000.00,0.032478,230.94,0.000000,1005.00
7.150,1004.30,-79.95,0.411356,1000.00,0.029056,235.46,0.000000,1005.00
7.200,1003.73,-79.95,0.411356,1000.00,0.028447,221.00,0.000000,1005.00
7.250,1003.22,-79.95,0.411356,1000.00,0.040603,205.36,0.000000,1005.00
7.300,1003.73,-79.95,0.411348,1000.00,0.139768,218.26,0.000000,1005.00
7.350,1004.05,-79.95,0.411348,1000.00,0.028434,225.80,0.000000,1005.00
7.400,1003.89,-79.95,0.411356,1000.00,0.141189,221.72,0.000000,1005.00
7.450,1003.68,-79.95,0.411356,1000.00,0.039273,217.71,0.000000,1005.00
7.500,1003.28,-79.95,0.411356,1000.00,0.027237,208.78,0.000000,1005.00
7.550,1003.54,-79.95,0.411355,1000.00,0.063834,215.38,0.000000,1005.00
7.600,1003.67,-79.95,0.411346,1000.00,0.139188,217.17,0.000000,1005.00
7.650,1003.62,-79.95,0.411350,1000.00,0.072494,215.33,0.000000,1005.00
7.700,1003.79,-79.95,0.411352,1000.00,0.063544,219.96,0.000000,1005.00
7.750,1004.12,-79.95,0.411345,1000.00,0.108678,229.07,0.000000,1005.00
7.800,1004.14,-79.95,0.411354,1000.00,0.136235,229.37,0.000000,1005.00
7.850,1004.11,-79.95,0.411356,1000.00,0.084352,227.42,0.000000,1005.00
7.900,1003.64,-79.95,0.411356,1000.00,0.030955,214.25,0.000000,1005.00
7.950,1003.45,-79.95,0.411356,1000.00,0.026382,210.75,0.000000,1005.00
8.000,1003.80,-79.95,0.411356,1000.00,0.028568,218.90,0.000000,1005.00
8.050,1003.81,-79.95,0.411356,1000.00,0.064421,218.01,0.000000,1005.00
8.100,1003.58,-79.95,0.411357,1000.00,0.085596,212.54,0.000000,1005.00
8.150,1003.55,-79.95,0.411357,1000.00,0.070046,212.47,0.000000,1005.00
8.200,1003.46,-79.95,0.411345,1000.00,0.248741,213.11,0.000000,1005.00
8.250,1003.69,-79.95,0.411333,1000.00,0.163745,218.82,0.000000,1005.00
8.300,1003.91,-79.95,0.411343,1000.00,0.194510,222.10,0.000000,1005.00
8.350,1003.84,-79.95,0.411353,1000.00,0.157790,217.06,0.000000,1005.00
8.400,1003.78,-79.95,0.411349,1000.00,0.079848,218.16,0.000000,1005.00
8.450,1003.91,-79.95,0.411347,1000.00,0.043484,224.11,0.000000,1005.00
8.500,1004.04,-79.95,0.411356,1000.00,0.152809,228.52,0.000000,1005.00
8.550,1003.92,-79.95,0.411356,1000.00,0.053574,225.53,0.000000,1005.00
8.600,1003.52,-79.95,0.411356,1000.00,0.061038,213.58,0.000000,1005.00
8.650,1003.37,-79.95,0.411355,1000.00,0.056011,206.93,0.000000,1005.00
8.700,1003.82,-79.95,0.411346,1000.00,0.141524,219.56,0.000000,1005.00
8.750,1003.92,-79.95,0.411349,1000.00,0.050694,221.93,0.000000,1005.00
8.800,1003.74,-79.95,0.411356,1000.00,0.138128,218.37,0.000000,1005.00
8.850,1003.80,-79.95,0.411357,1000.00,0.066789,220.99,0.000000,1005.00
8.900,1003.88,-79.95,0.411356,1000.00,0.093368,222.34,0.000000,1005.00
8.950,1004.27,-79.95,0.411356,1000.00,0.051633,230.58,0.000000,1005.00
9.000,1004.04,-79.95,0.411356,1000.00,0.028550,223.56,0.000000,1005.00
9.050,1003.85,-79.95,0.411356,1000.00,0.029918,222.24,0.000000,1005.00
9.100,1003.88,-79.95,0.411356,1000.00,0.029412,226.14,0.000000,1005.00
9.150,1004.03,-79.95,0.411353,1000.00,0.105234,229.48,0.000000,1005.00
9.200,1003.78,-79.95,0.411345,1000.00,0.122098,221.25,0.000000,1005.00
9.250,1003.69,-79.95,0.411354,1000.00,0.128678,219.68,0.000000,1005.00
9.300,1003.68,-79.95,0.411356,1000.00,0.095775,221.12,0.000000,1005.00
9.350,1003.85,-79.95,0.411356,1000.00,0.063285,224.05,0.000000,1005.00
9.400,1004.15,-79.95,0.411356,1000.00,0.032145,232.11,0.000000,1005.00
9.450,1004.17,-79.95,0.411356,1000.00,0.048898,230.71,0.000000,1005.00
9.500,1004.09,-79.95,0.411345,1000.00,0.152184,226.50,0.000000,1005.00
9.550,1003.95,-79.95,0.411337,1000.00,0.090554,224.51,0.000000,1005.00
9.600,1003.83,-79.95,0.411352,1000.00,0.159500,223.79,0.000000,1005.00
9.650,1003.73,-79.95,0.411356,1000.00,0.114028,223.53,0.000000,1005.00
9.700,1003.84,-79.95,0.411356,1000.00,0.029919,223.75,0.000000,1005.00
9.750,1003.68,-79.95,0.411356,1000.00,0.029303,218.84,0.000000,1005.00
9.800,1003.37,-79.95,0.411356,1000.00,0.034361,210.22,0.000000,1005.00
9.850,1003.28,-79.95,0.411349,1000.00,0.137702,206.36,0.000000,1005.00
9.900,1003.70,-79.95,0.411347,1000.00,0.064850,218.62,0.000000,1005.00
9.950,1004.12,-79.95,0.411355,1000.00,0.147558,230.29,0.000000,1005.00
10.000,1003.89,-79.95,0.411356,1000.00,0.058007,222.98,0.000000,1005.00
10.050,1003.62,-79.95,0.411356,1000.00,0.063529,216.08,0.000000,1005.00
10.100,1003.75,-79.95,0.411356,1000.00,0.044286,221.59,0.000000,1005.00
10.150,1003.95,-79.95,0.411356,1000.00,0.058215,228.63,0.000000,1005.00
10.200,1004.19,-79.95,0.411356,1000.00,0.053535,231.30,0.000000,1005.00
10.250,1003.96,-79.95,0.411356,1000.00,0.059143,223.15,0.000000,1005.00
10.300,1003.91,-79.95,0.411356,1000.00,0.099218,223.06,0.000000,1005.00
10.350,1003.76,-79.95,0.411357,1000.00,0.059437,215.71,0.000000,1005.00
10.400,1003.85,-79.95,0.411356,1000.00,0.100254,220.48,0.000000,1005.00
10.450,1003.51,-79.95,0.411356,1000.00,0.036152,212.00,0.000000,1005.00
10.500,1003.47,-79.95,0.411356,1000.00,0.028155,208.96,0.000000,1005.00
10.550,1003.92,-79.95,0.411356,1000.00,0.028760,224.52,0.000000,1005.00
10.600,1004.22,-79.95,0.411356,1000.00,0.028196,233.16,0.000000,1005.00
10.650,1004.35,-79.95,0.411356,1000.00,0.042375,236.30,0.000000,1005.00
10.700,1003.94,-79.95,0.411356,1000.00,0.056614,224.89,0.000000,1005.00
10.750,1003.72,-79.95,0.411356,1000.00,0.046663,217.89,0.000000,1005.00
10.800,1003.76,-79.95,0.411356,1000.00,0.051692,219.87,0.000000,1005.00
10.850,1003.79,-79.95,0.411356,1000.00,0.058640,222.86,0.000000,1005.00
10.900,1003.52,-79.95,0.411356,1000.00,0.043418,214.93,0.000000,1005.00
10.950,1003.49,-79.95,0.411356,1000.00,0.062156,211.91,0.000000,1005.00
11.000,1003.85,-79.95,0.411356,1000.00,0.038285,221.04,0.000000,1005.00
11.050,1004.07,-79.95,0.411356,1000.00,0.044503,225.00,0.000000,1005.00
11.100,1004.02,-79.95,0.411357,1000.00,0.098006,225.13,0.000000,1005.00
11.150,1003.98,-79.95,0.411357,1000.00,0.068930,227.17,0.000000,1005.00
11.200,1003.42,-79.95,0.411356,1000.00,0.087264,208.70,0.000000,1005.00
11.250,1003.70,-79.95,0.411356,1000.00,0.056810,217.35,0.000000,1005.00
11.300,1004.15,-79.95,0.411356,1000.00,0.057923,231.10,0.000000,1005.00
11.350,1004.05,-79.95,0.411356,1000.00,0.032736,228.79,0.000000,1005.00
11.400,1003.72,-79.95,0.411356,1000.00,0.027930,219.77,0.000000,1005.00
11.450,1003.74,-79.95,0.411356,1000.00,0.028518,219.28,0.000000,1005.00
11.500,1003.87,-79.95,0.411355,1000.00,0.068526,222.21,0.000000,1005.00
11.550,1003.80,-79.95,0.411345,1000.00,0.137843,219.17,0.000000,1005.00
11.600,1003.50,-79.95,0.411351,1000.00,0.075887,210.21,0.000000,1005.00
11.650,1003.44,-79.95,0.411356,1000.00,0.120919,212.39,0.000000,1005.00
11.700,1003.36,-79.95,0.411356,1000.00,0.028323,209.37,0.000000,1005.00
11.750,1003.45,-79.95,0.411356,1000.00,0.028792,209.52,0.000000,1005.00
11.800,1003.53,-79.95,0.411356,1000.00,0.027089,210.78,0.000000,1005.00
11.850,1003.69,-79.95,0.411355,1000.00,0.074730,214.87,0.000000,1005.00
11.900,1004.06,-79.95,0.411345,1000.00,0.135705,226.46,0.000000,1005.00
11.950,1004.63,-79.95,0.411351,1000.00,0.085452,244.30,0.000000,1005.00
12.000,1004.26,-79.95,0.411356,1000.00,0.118393,235.62,0.000000,1005.00
12.050,1003.53,-79.95,0.411356,1000.00,0.031803,213.80,0.000000,1005.00
12.100,1003.54,-79.95,0.411356,1000.00,0.028750,213.56,0.000000,1005.00
12.150,1003.89,-79.95,0.411356,1000.00,0.029366,222.26,0.000000,1005.00
12.200,1003.74,-79.95,0.411356,1000.00,0.027495,217.43,0.000000,1005.00
12.250,1003.55,-79.95,0.411356,1000.00,0.030084,212.69,0.000000,1005.00
12.300,1003.84,-79.95,0.411356,1000.00,0.027680,221.66,0.000000,1005.00
12.350,1003.95,-79.95,0.411356,1000.00,0.027990,226.78,0.000000,1005.00
12.400,1003.85,-79.95,0.411356,1000.00,0.051996,226.36,0.000000,1005.00
12.450,1003.78,-79.95,0.411356,1000.00,0.049878,222.85,0.000000,1005.00
12.500,1003.84,-79.95,0.411356,1000.00,0.054352,220.70,0.000000,1005.00
12.550,1004.27,-79.95,0.411356,1000.00,0.044978,231.98,0.000000,1005.00
12.600,1003.91,-79.95,0.411356,1000.00,0.029949,224.04,0.000000,1005.00
12.650,1003.54,-79.95,0.411356,1000.00,0.029722,214.69,0.000000,1005.00
12.700,1003.54,-79.95,0.411356,1000.00,0.027534,214.83,0.000000,1005.00
12.750,1003.69,-79.95,0.411356,1000.00,0.059851,217.45,0.000000,1005.00
12.800,1003.61,-79.95,0.411356,1000.00,0.039125,215.30,0.000000,1005.00
12.850,1003.39,-79.95,0.411356,1000.00,0.062666,210.89,0.000000,1005.00
12.900,1003.91,-79.95,0.411356,1000.00,0.047750,226.20,0.000000,1005.00
12.950,1004.08,-79.95,0.411348,1000.00,0.148187,229.90,0.000000,1005.00
13.000,1003.83,-79.95,0.411347,1000.00,0.058047,222.95,0.000000,1005.00
13.050,1003.66,-79.95,0.411347,1000.00,0.065127,217.07,0.000000,1005.00
13.100,1003.65,-79.95,0.411348,1000.00,0.039157,217.92,0.000000,1005.00
13.150,1003.88,-79.95,0.411356,1000.00,0.139376,225.72,0.000000,1005.00
13.200,1003.94,-79.95,0.411352,1000.00,0.099275,226.61,0.000000,1005.00
13.250,1003.70,-79.95,0.411345,1000.00,0.088144,218.40,0.000000,1005.00
13.300,1003.32,-79.95,0.411355,1000.00,0.153431,208.37,0.000000,1005.00
13.350,1003.40,-79.95,0.411354,1000.00,0.079862,210.94,0.000000,1005.00
13.400,1003.81,-79.95,0.411345,1000.00,0.135603,220.79,0.000000,1005.00
13.450,1003.92,-79.95,0.411354,1000.00,0.125143,222.79,0.000000,1005.00
13.500,1003.53,-79.95,0.411356,1000.00,0.103247,212.01,0.000000,1005.00
13.550,1003.74,-79.95,0.411356,1000.00,0.039455,218.90,0.000000,1005.00
13.600,1003.89,-79.95,0.411356,1000.00,0.057762,223.01,0.000000,1005.00
13.650,1003.78,-79.95,0.411356,1000.00,0.032515,220.57,0.000000,1005.00
13.700,1004.07,-79.95,0.411356,1000.00,0.028718,229.49,0.000000,1005.00
13.750,1004.20,-79.95,0.411356,1000.00,0.029776,233.52,0.000000,1005.00
13.800,1003.84,-79.95,0.411356,1000.00,0.028715,224.93,0.000000,1005.00
13.850,1004.03,-79.95,0.411356,1000.00,0.030837,228.09,0.000000,1005.00
13.900,1004.38,-79.95,0.411356,1000.00,0.032726,236.09,0.000000,1005.00
13.950,1004.09,-79.95,0.411356,1000.00,0.063980,228.07,0.000000,1005.00
14.000,1003.88,-79.95,0.411356,1000.00,0.061144,222.32,0.000000,1005.00
14.050,1003.65,-79.95,0.411357,1000.00,0.072611,218.73,0.000000,1005.00
14.100,1003.51,-79.95,0.411357,1000.00,0.067793,215.58,0.000000,1005.00
14.150,1003.54,-79.95,0.411356,1000.00,0.078139,211.83,0.000000,1005.00
14.200,1004.07,-79.95,0.411356,1000.00,0.059346,227.43,0.000000,1005.00
14.250,1004.12,-79.95,0.411355,1000.00,0.079182,230.77,0.000000,1005.00
14.300,1004.05,-79.95,0.411345,1000.00,0.137015,228.52,0.000000,1005.00
14.350,1004.00,-79.95,0.411344,1000.00,0.085740,225.69,0.000000,1005.00
14.400,1003.96,-79.95,0.411347,1000.00,0.087465,222.66,0.000000,1005.00
14.450,1003.96,-79.95,0.411356,1000.00,0.144774,224.41,0.000000,1005.00
14.500,1003.86,-79.95,0.411356,1000.00,0.071300,224.02,0.000000,1005.00
14.550,1004.19,-79.95,0.411356,1000.00,0.098073,236.10,0.000000,1005.00
14.600,1004.20,-79.95,0.411353,1000.00,0.101199,233.37,0.000000,1005.00
14.650,1004.11,-79.95,0.411345,1000.00,0.131633,228.79,0.000000,1005.00
14.700,1003.98,-79.95,0.411346,1000.00,0.071618,224.86,0.000000,1005.00
14.750,1003.78,-79.95,0.411339,1000.00,0.122571,220.25,0.000000,1005.00
14.800,1003.64,-79.95,0.411347,1000.00,0.101139,215.19,0.000000,1005.00
14.850,1004.12,-79.95,0.411356,1000.00,0.149523,229.46,0.000000,1005.00
14.900,1003.85,-79.95,0.411356,1000.00,0.058015,225.09,0.000000,1005.00
14.950,1003.93,-79.95,0.411356,1000.00,0.056997,226.53,0.000000,1005.00
15.000,1003.96,-79.95,0.411356,1000.00,0.041638,224.89,0.000000,1005.00
15.050,1003.65,-79.95,0.411356,1000.00,0.031265,217.16,0.000000,1005.00
15.100,1003.77,-79.95,0.411356,1000.00,0.027887,220.72,0.000000,1005.00
15.150,1004.20,-79.95,0.411356,1000.00,0.027910,232.63,0.000000,1005.00
15.200,1004.17,-79.95,0.411356,1000.00,0.028739,231.42,0.000000,1005.00
15.250,1003.80,-79.95,0.411356,1000.00,0.031930,221.04,0.000000,1005.00
15.300,1003.71,-79.95,0.411356,1000.00,0.028554,217.30,0.000000,1005.00
15.350,1003.88,-79.95,0.411356,1000.00,0.029842,220.90,0.000000,1005.00
15.400,1003.94,-79.95,0.411356,1000.00,0.028715,223.15,0.000000,1005.00
15.450,1003.98,-79.95,0.411356,1000.00,0.028833,226.42,0.000000,1005.00
15.500,1004.21,-79.95,0.411352,1000.00,0.109473,231.22,0.000000,1005.00
15.550,1004.40,-79.95,0.411345,1000.00,0.102471,236.48,0.000000,1005.00
15.600,1004.35,-79.95,0.411354,1000.00,0.130761,236.03,0.000000,1005.00
15.650,1004.21,-79.95,0.411356,1000.00,0.098883,232.42,0.000000,1005.00
15.700,1004.48,-79.95,0.411355,1000.00,0.075089,240.80,0.000000,1005.00
15.750,1004.15,-79.95,0.411345,1000.00,0.143371,233.00,0.000000,1005.00
15.800,1003.85,-79.95,0.411351,1000.00,0.094618,225.86,0.000000,1005.00
15.850,1004.23,-79.95,0.411356,1000.00,0.111775,233.43,0.000000,1005.00
15.900,1003.91,-79.95,0.411349,1000.00,0.146661,222.02,0.000000,1005.00
15.950,1003.88,-79.95,0.411347,1000.00,0.039429,220.36,0.000000,1005.00
16.000,1004.43,-79.95,0.411353,1000.00,0.093260,236.58,0.000000,1005.00
16.050,1004.59,-79.95,0.411345,1000.00,0.127900,238.89,0.000000,1005.00
16.100,1004.17,-79.95,0.411353,1000.00,0.124737,228.87,0.000000,1005.00
16.150,1003.88,-79.95,0.411347,1000.00,0.112530,220.24,0.000000,1005.00
16.200,1003.97,-79.95,0.411344,1000.00,0.086380,225.99,0.000000,1005.00
16.250,1003.70,-79.95,0.411345,1000.00,0.097286,219.81,0.000000,1005.00
16.300,1004.02,-79.95,0.411355,1000.00,0.139273,227.05,0.000000,1005.00
16.350,1004.12,-79.95,0.411356,1000.00,0.096585,228.54,0.000000,1005.00
16.400,1004.23,-79.95,0.411356,1000.00,0.033859,230.40,0.000000,1005.00
16.450,1004.14,-79.95,0.411356,1000.00,0.030417,229.61,0.000000,1005.00
16.500,1003.82,-79.95,0.411356,1000.00,0.029915,222.34,0.000000,1005.00
16.550,1003.64,-79.95,0.411356,1000.00,0.028864,216.13,0.000000,1005.00
16.600,1003.92,-79.95,0.411356,1000.00,0.029695,221.69,0.000000,1005.00
16.650,1003.90,-79.95,0.411356,1000.00,0.059955,219.08,0.000000,1005.00
16.700,1003.96,-79.95,0.411356,1000.00,0.041532,223.28,0.000000,1005.00
16.750,1004.00,-79.95,0.411356,1000.00,0.063719,226.90,0.000000,1005.00
16.800,1003.91,-79.95,0.411356,1000.00,0.042561,225.93,0.000000,1005.00
16.850,1003.73,-79.95,0.411357,1000.00,0.097100,220.12,0.000000,1005.00
16.900,1004.24,-79.95,0.411357,1000.00,0.065909,231.96,0.000000,1005.00
16.950,1004.46,-79.95,0.411357,1000.00,0.076057,238.90,0.000000,1005.00
17.000,1004.23,-79.95,0.411350,1000.00,0.144098,234.46,0.000000,1005.00
17.050,1003.84,-79.95,0.411345,1000.00,0.063595,222.89,0.000000,1005.00
17.100,1004.05,-79.95,0.411345,1000.00,0.032480,228.31,0.000000,1005.00
17.150,1004.18,-79.95,0.411349,1000.00,0.079950,231.54,0.000000,1005.00
17.200,1003.88,-79.95,0.411356,1000.00,0.138173,221.71,0.000000,1005.00
17.250,1003.79,-79.95,0.411357,1000.00,0.063122,220.05,0.000000,1005.00
17.300,1004.08,-79.95,0.411356,1000.00,0.095132,229.44,0.000000,1005.00
17.350,1004.35,-79.95,0.411356,1000.00,0.053282,234.28,0.000000,1005.00
17.400,1004.26,-79.95,0.411356,1000.00,0.029947,230.07,0.000000,1005.00
17.450,1003.97,-79.95,0.411356,1000.00,0.029398,224.47,0.000000,1005.00
17.500,1003.71,-79.95,0.411356,1000.00,0.030611,218.86,0.000000,1005.00
17.550,1003.34,-79.95,0.411356,1000.00,0.059970,206.97,0.000000,1005.00
17.600,1003.31,-79.95,0.411356,1000.00,0.051143,206.44,0.000000,1005.00
17.650,1003.44,-79.95,0.411356,1000.00,0.048217,212.11,0.000000,1005.00
17.700,1003.43,-79.95,0.411356,1000.00,0.061821,209.29,0.000000,1005.00
17.750,1003.49,-79.95,0.411356,1000.00,0.087349,212.66,0.000000,1005.00
17.800,1003.60,-79.95,0.411357,1000.00,0.067529,218.14,0.000000,1005.00
17.850,1004.02,-79.95,0.411356,1000.00,0.080314,228.16,0.000000,1005.00
17.900,1004.17,-79.95,0.411356,1000.00,0.059353,231.67,0.000000,1005.00
17.950,1003.89,-79.95,0.411356,1000.00,0.054961,223.05,0.000000,1005.00
18.000,1004.15,-79.95,0.411356,1000.00,0.032855,228.59,0.000000,1005.00
18.050,1004.43,-79.95,0.411356,1000.00,0.060351,236.15,0.000000,1005.00
18.100,1003.84,-79.95,0.411356,1000.00,0.040933,220.40,0.000000,1005.00
18.150,1003.56,-79.95,0.411356,1000.00,0.058305,210.86,0.000000,1005.00
18.200,1003.89,-79.95,0.411356,1000.00,0.029658,221.48,0.000000,1005.00
18.250,1004.50,-79.95,0.411356,1000.00,0.029471,240.63,0.000000,1005.00
18.300,1003.96,-79.95,0.411356,1000.00,0.027669,227.83,0.000000,1005.00
18.350,1003.62,-79.95,0.411356,1000.00,0.035304,216.63,0.000000,1005.00
18.400,1003.63,-79.95,0.411356,1000.00,0.098091,217.84,0.000000,1005.00
18.450,1003.77,-79.95,0.411357,1000.00,0.059054,221.89,0.000000,1005.00
18.500,1003.64,-79.95,0.411356,1000.00,0.099502,217.01,0.000000,1005.00
18.550,1003.76,-79.95,0.411356,1000.00,0.040586,219.36,0.000000,1005.00
18.600,1004.28,-79.95,0.411356,1000.00,0.066436,231.76,0.000000,1005.00
18.650,1004.10,-79.95,0.411356,1000.00,0.056320,226.61,0.000000,1005.00
18.700,1004.01,-79.95,0.411356,1000.00,0.057383,226.03,0.000000,1005.00
18.750,1004.13,-79.95,0.411356,1000.00,0.061706,230.37,0.000000,1005.00
18.800,1003.99,-79.95,0.411350,1000.00,0.130848,226.30,0.000000,1005.00
18.850,1003.76,-79.95,0.411346,1000.00,0.054109,218.34,0.000000,1005.00
18.900,1004.09,-79.95,0.411351,1000.00,0.076510,227.07,0.000000,1005.00
18.950,1003.72,-79.95,0.411344,1000.00,0.099187,216.04,0.000000,1005.00
19.000,1003.46,-79.95,0.411341,1000.00,0.067393,209.58,0.000000,1005.00
19.050,1003.78,-79.95,0.411339,1000.00,0.074446,217.41,0.000000,1005.00
19.100,1003.66,-79.95,0.411353,1000.00,0.166309,211.63,0.000000,1005.00
19.150,1003.77,-79.95,0.411356,1000.00,0.094040,217.30,0.000000,1005.00
19.200,1003.66,-79.95,0.411356,1000.00,0.028712,215.29,0.000000,1005.00
19.250,1003.47,-79.95,0.411356,1000.00,0.026480,209.31,0.000000,1005.00
19.300,1003.64,-79.95,0.411356,1000.00,0.027604,217.37,0.000000,1005.00
19.350,1003.64,-79.95,0.411356,1000.00,0.032151,217.87,0.000000,1005.00
19.400,1003.50,-79.95,0.411350,1000.00,0.134756,211.84,0.000000,1005.00
19.450,1003.64,-79.95,0.411346,1000.00,0.071640,217.53,0.000000,1005.00
19.500,1003.77,-79.95,0.411348,1000.00,0.061626,220.97,0.000000,1005.00
19.550,1003.69,-79.95,0.411347,1000.00,0.081996,215.08,0.000000,1005.00
19.600,1003.60,-79.95,0.411357,1000.00,0.145660,214.27,0.000000,1005.00
19.650,1003.83,-79.95,0.411356,1000.00,0.106398,220.79,0.000000,1005.00
19.700,1003.93,-79.95,0.411356,1000.00,0.037692,221.32,0.000000,1005.00
19.750,1003.90,-79.95,0.411356,1000.00,0.029827,221.61,0.000000,1005.00
19.800,1003.81,-79.95,0.411356,1000.00,0.029152,220.50,0.000000,1005.00
19.850,1003.72,-79.95,0.411356,1000.00,0.028230,218.76,0.000000,1005.00
19.900,1003.89,-79.95,0.411356,1000.00,0.028853,224.45,0.000000,1005.00
19.950,1003.79,-79.95,0.411356,1000.00,0.026164,222.69,0.000000,1005.00
20.000,1003.80,-79.95,0.411356,1000.00,0.064204,222.59,0.000000,1005.00
20.050,1003.57,-79.95,0.411357,1000.00,0.097905,216.32,0.000000,1005.00
20.100,1003.67,-79.95,0.411357,1000.00,0.066043,217.88,0.000000,1005.00
20.150,1003.94,-79.95,0.411356,1000.00,0.099037,225.52,0.000000,1005.00
20.200,1003.71,-79.95,0.411353,1000.00,0.099139,219.48,0.000000,1005.00
20.250,1003.54,-79.95,0.411345,1000.00,0.113718,212.81,0.000000,1005.00
20.300,1003.76,-79.95,0.411353,1000.00,0.118762,220.04,0.000000,1005.00
20.350,1003.56,-79.95,0.411356,1000.00,0.108557,213.82,0.000000,1005.00
20.400,1003.83,-79.95,0.411357,1000.00,0.061372,221.57,0.000000,1005.00
20.450,1003.80,-79.95,0.411356,1000.00,0.096872,221.95,0.000000,1005.00
20.500,1003.50,-79.95,0.411356,1000.00,0.043143,214.42,0.000000,1005.00
20.550,1003.54,-79.95,0.411356,1000.00,0.027672,214.30,0.000000,1005.00
20.600,1003.90,-79.95,0.411356,1000.00,0.029069,222.55,0.000000,1005.00
20.650,1004.05,-79.95,0.411356,1000.00,0.027003,226.37,0.000000,1005.00
20.700,1003.91,-79.95,0.411356,1000.00,0.030356,222.33,0.000000,1005.00
20.750,1004.21,-79.95,0.411356,1000.00,0.029575,231.30,0.000000,1005.00
20.800,1004.21,-79.95,0.411356,1000.00,0.029842,230.39,0.000000,1005.00
20.850,1003.88,-79.95,0.411356,1000.00,0.054028,219.68,0.000000,1005.00
20.900,1004.20,-79.95,0.411356,1000.00,0.061959,228.07,0.000000,1005.00
20.950,1004.45,-79.95,0.411353,1000.00,0.081015,236.17,0.000000,1005.00
21.000,1003.99,-79.95,0.411345,1000.00,0.133472,225.16,0.000000,1005.00
21.050,1003.75,-79.95,0.411352,1000.00,0.108727,219.19,0.000000,1005.00
21.100,1003.78,-79.95,0.411356,1000.00,0.108790,222.70,0.000000,1005.00
21.150,1004.17,-79.95,0.411356,1000.00,0.029309,231.85,0.000000,1005.00
21.200,1004.31,-79.95,0.411356,1000.00,0.031793,233.33,0.000000,1005.00
21.250,1004.49,-79.95,0.411356,1000.00,0.063693,240.39,0.000000,1005.00
21.300,1004.38,-79.95,0.411356,1000.00,0.051927,237.12,0.000000,1005.00
21.350,1004.17,-79.95,0.411351,1000.00,0.128335,229.44,0.000000,1005.00
21.400,1003.99,-79.95,0.411345,1000.00,0.096514,224.82,0.000000,1005.00
21.450,1003.62,-79.95,0.411353,1000.00,0.127933,215.05,0.000000,1005.00
21.500,1003.65,-79.95,0.411343,1000.00,0.137448,214.52,0.000000,1005.00
21.550,1003.76,-79.95,0.411333,1000.00,0.105809,216.69,0.000000,1005.00
21.600,1003.94,-79.95,0.411342,1000.00,0.111096,224.61,0.000000,1005.00
21.650,1003.60,-79.95,0.411355,1000.00,0.172125,217.09,0.000000,1005.00
21.700,1003.53,-79.95,0.411356,1000.00,0.089652,214.35,0.000000,1005.00
21.750,1003.74,-79.95,0.411357,1000.00,0.065754,216.49,0.000000,1005.00
21.800,1004.18,-79.95,0.411356,1000.00,0.092721,229.28,0.000000,1005.00
21.850,1004.07,-79.95,0.411356,1000.00,0.053367,227.51,0.000000,1005.00
21.900,1003.93,-79.95,0.411356,1000.00,0.027523,224.84,0.000000,1005.00
21.950,1004.10,-79.95,0.411356,1000.00,0.030064,228.79,0.000000,1005.00
22.000,1003.92,-79.95,0.411356,1000.00,0.032013,224.40,0.000000,1005.00
22.050,1003.77,-79.95,0.411350,1000.00,0.128353,219.49,0.000000,1005.00
22.100,1003.85,-79.95,0.411346,1000.00,0.062462,222.52,0.000000,1005.00
22.150,1003.65,-79.95,0.411355,1000.00,0.141669,218.07,0.000000,1005.00
22.200,1003.65,-79.95,0.411356,1000.00,0.059056,220.08,0.000000,1005.00
22.250,1003.74,-79.95,0.411356,1000.00,0.038533,222.93,0.000000,1005.00
22.300,1003.89,-79.95,0.411356,1000.00,0.068038,226.55,0.000000,1005.00
22.350,1003.92,-79.95,0.411347,1000.00,0.143626,225.13,0.000000,1005.00
22.400,1003.46,-79.95,0.411348,1000.00,0.057902,208.99,0.000000,1005.00
22.450,1003.44,-79.95,0.411356,1000.00,0.138529,209.77,0.000000,1005.00
22.500,1003.87,-79.95,0.411356,1000.00,0.040420,223.07,0.000000,1005.00
22.550,1004.10,-79.95,0.411356,1000.00,0.028066,230.87,0.000000,1005.00
22.600,1003.82,-79.95,0.411356,1000.00,0.030130,222.90,0.000000,1005.00
22.650,1004.03,-79.95,0.411356,1000.00,0.031265,229.20,0.000000,1005.00
22.700,1003.93,-79.95,0.411356,1000.00,0.032077,226.91,0.000000,1005.00
22.750,1003.74,-79.95,0.411349,1000.00,0.133803,220.68,0.000000,1005.00
22.800,1003.77,-79.95,0.411346,1000.00,0.046090,220.29,0.000000,1005.00
22.850,1004.12,-79.95,0.411355,1000.00,0.142901,232.03,0.000000,1005.00
22.900,1004.00,-79.95,0.411356,1000.00,0.030068,228.33,0.000000,1005.00
22.950,1003.65,-79.95,0.411347,1000.00,0.140917,215.92,0.000000,1005.00
23.000,1003.69,-79.95,0.411348,1000.00,0.061638,214.44,0.000000,1005.00
23.050,1004.15,-79.95,0.411356,1000.00,0.145474,228.51,0.000000,1005.00
23.100,1004.34,-79.95,0.411356,1000.00,0.061832,234.66,0.000000,1005.00
23.150,1003.98,-79.95,0.411356,1000.00,0.048060,228.30,0.000000,1005.00
23.200,1003.63,-79.95,0.411356,1000.00,0.046963,217.41,0.000000,1005.00
23.250,1003.62,-79.95,0.411356,1000.00,0.058184,214.60,0.000000,1005.00
23.300,1003.38,-79.95,0.411347,1000.00,0.151437,208.03,0.000000,1005.00
23.350,1003.33,-79.95,0.411348,1000.00,0.039301,206.55,0.000000,1005.00
23.400,1003.73,-79.95,0.411356,1000.00,0.131850,218.56,0.000000,1005.00
23.450,1003.73,-79.95,0.411348,1000.00,0.136047,220.05,0.000000,1005.00
23.500,1003.69,-79.95,0.411347,1000.00,0.034607,219.86,0.000000,1005.00
23.550,1003.97,-79.95,0.411356,1000.00,0.141931,226.01,0.000000,1005.00
23.600,1003.81,-79.95,0.411356,1000.00,0.029343,219.94,0.000000,1005.00
23.650,1003.62,-79.95,0.411349,1000.00,0.133925,215.20,0.000000,1005.00
23.700,1003.41,-79.95,0.411346,1000.00,0.044394,210.72,0.000000,1005.00
23.750,1003.60,-79.95,0.411355,1000.00,0.142902,218.96,0.000000,1005.00
23.800,1004.00,-79.95,0.411356,1000.00,0.071501,230.57,0.000000,1005.00
23.850,1003.62,-79.95,0.411356,1000.00,0.041879,218.15,0.000000,1005.00
23.900,1003.89,-79.95,0.411356,1000.00,0.062167,223.93,0.000000,1005.00
23.950,1003.87,-79.95,0.411356,1000.00,0.034504,221.26,0.000000,1005.00
24.000,1003.87,-79.95,0.411356,1000.00,0.028714,220.62,0.000000,1005.00
24.050,1003.68,-79.95,0.411356,1000.00,0.027610,217.16,0.000000,1005.00
24.100,1003.82,-79.95,0.411356,1000.00,0.032359,222.59,0.000000,1005.00
24.150,1004.05,-79.95,0.411350,1000.00,0.127922,226.76,0.000000,1005.00
24.200,1003.71,-79.95,0.411339,1000.00,0.130517,214.90,0.000000,1005.00
24.250,1003.66,-79.95,0.411345,1000.00,0.087137,214.86,0.000000,1005.00
24.300,1003.93,-79.95,0.411355,1000.00,0.153820,224.60,0.000000,1005.00
24.350,1004.15,-79.95,0.411356,1000.00,0.067625,231.17,0.000000,1005.00
24.400,1004.22,-79.95,0.411356,1000.00,0.050985,233.54,0.000000,1005.00
24.450,1004.15,-79.95,0.411356,1000.00,0.030205,233.57,0.000000,1005.00
24.500,1003.84,-79.95,0.411356,1000.00,0.028522,223.90,0.000000,1005.00
24.550,1003.65,-79.95,0.411356,1000.00,0.027807,216.07,0.000000,1005.00
24.600,1003.70,-79.95,0.411356,1000.00,0.026331,216.07,0.000000,1005.00
24.650,1003.78,-79.95,0.411356,1000.00,0.028939,217.52,0.000000,1005.00
24.700,1003.72,-79.95,0.411356,1000.00,0.029656,215.87,0.000000,1005.00
24.750,1003.53,-79.95,0.411356,1000.00,0.029876,212.60,0.000000,1005.00
24.800,1003.98,-79.95,0.411356,1000.00,0.029070,227.12,0.000000,1005.00
24.850,1004.34,-79.95,0.411352,1000.00,0.113632,235.27,0.000000,1005.00
24.900,1004.27,-79.95,0.411345,1000.00,0.095407,233.18,0.000000,1005.00
24.950,1003.93,-79.95,0.411354,1000.00,0.135023,224.22,0.000000,1005.00
25.000,1003.71,-79.95,0.411357,1000.00,0.105598,219.83,0.000000,1005.00
25.050,1003.69,-79.95,0.411357,1000.00,0.059665,217.60,0.000000,1005.00
25.100,1003.73,-79.95,0.411356,1000.00,0.095422,217.30,0.000000,1005.00
25.150,1003.81,-79.95,0.411356,1000.00,0.056607,219.95,0.000000,1005.00
25.200,1003.70,-79.95,0.411356,1000.00,0.032231,213.77,0.000000,1005.00
25.250,1003.78,-79.95,0.411356,1000.00,0.069963,218.39,0.000000,1005.00
25.300,1003.72,-79.95,0.411344,1000.00,0.162500,219.31,0.000000,1005.00
25.350,1003.59,-79.95,0.411326,1000.00,0.184697,214.56,0.000000,1005.00
25.400,1003.76,-79.95,0.411346,1000.00,0.215908,220.39,0.000000,1005.00
25.450,1003.70,-79.95,0.411345,1000.00,0.121230,217.25,0.000000,1005.00
25.500,1003.51,-79.95,0.411353,1000.00,0.113748,210.48,0.000000,1005.00
25.550,1003.53,-79.95,0.411357,1000.00,0.122746,213.43,0.000000,1005.00
25.600,1003.33,-79.95,0.411356,1000.00,0.081203,207.19,0.000000,1005.00
25.650,1003.18,-79.95,0.411350,1000.00,0.129801,202.06,0.000000,1005.00
25.700,1003.36,-79.95,0.411342,1000.00,0.135373,207.33,0.000000,1005.00
25.750,1003.61,-79.95,0.411345,1000.00,0.087539,214.77,0.000000,1005.00
25.800,1003.74,-79.95,0.411354,1000.00,0.152675,220.56,0.000000,1005.00
25.850,1003.37,-79.95,0.411356,1000.00,0.091032,209.83,0.000000,1005.00
25.900,1003.44,-79.95,0.411353,1000.00,0.109367,210.73,0.000000,1005.00
25.950,1003.66,-79.95,0.411345,1000.00,0.122924,217.03,0.000000,1005.00
26.000,1003.75,-79.95,0.411353,1000.00,0.123328,221.75,0.000000,1005.00
26.050,1004.10,-79.95,0.411356,1000.00,0.106231,231.38,0.000000,1005.00
26.100,1004.07,-79.95,0.411356,1000.00,0.028549,230.04,0.000000,1005.00
26.150,1003.68,-79.95,0.411356,1000.00,0.029325,218.39,0.000000,1005.00
26.200,1004.01,-79.95,0.411356,1000.00,0.041327,226.81,0.000000,1005.00
26.250,1004.07,-79.95,0.411356,1000.00,0.078239,228.13,0.000000,1005.00
26.300,1004.05,-79.95,0.411343,1000.00,0.276267,227.23,0.000000,1005.00
26.350,1004.24,-79.95,0.411337,1000.00,0.126304,234.85,0.000000,1005.00
26.400,1004.10,-79.95,0.411345,1000.00,0.189354,229.17,0.000000,1005.00
26.450,1003.98,-79.95,0.411349,1000.00,0.101201,223.24,0.000000,1005.00
26.500,1004.38,-79.95,0.411348,1000.00,0.042898,233.47,0.000000,1005.00
26.550,1004.03,-79.95,0.411348,1000.00,0.065150,224.71,0.000000,1005.00
26.600,1003.69,-79.95,0.411356,1000.00,0.142862,217.53,0.000000,1005.00
26.650,1003.93,-79.95,0.411356,1000.00,0.067127,223.54,0.000000,1005.00
26.700,1004.02,-79.95,0.411356,1000.00,0.032877,226.44,0.000000,1005.00
26.750,1003.87,-79.95,0.411356,1000.00,0.053602,220.98,0.000000,1005.00
26.800,1004.10,-79.95,0.411356,1000.00,0.063512,229.79,0.000000,1005.00
26.850,1004.21,-79.95,0.411350,1000.00,0.135310,232.11,0.000000,1005.00
26.900,1004.19,-79.95,0.411345,1000.00,0.085399,228.45,0.000000,1005.00
26.950,1003.92,-79.95,0.411346,1000.00,0.077952,220.42,0.000000,1005.00
27.000,1004.27,-79.95,0.411350,1000.00,0.090089,232.87,0.000000,1005.00
27.050,1004.20,-79.95,0.411356,1000.00,0.156737,233.43,0.000000,1005.00
27.100,1003.69,-79.95,0.411356,1000.00,0.035690,218.02,0.000000,1005.00
27.150,1003.75,-79.95,0.411356,1000.00,0.027898,219.07,0.000000,1005.00
27.200,1003.87,-79.95,0.411356,1000.00,0.061306,223.90,0.000000,1005.00
27.250,1004.19,-79.95,0.411356,1000.00,0.040593,232.68,0.000000,1005.00
27.300,1003.72,-79.95,0.411356,1000.00,0.063181,219.01,0.000000,1005.00
27.350,1003.50,-79.95,0.411353,1000.00,0.096229,211.78,0.000000,1005.00
27.400,1003.96,-79.95,0.411345,1000.00,0.119619,226.55,0.000000,1005.00
27.450,1003.94,-79.95,0.411349,1000.00,0.108835,224.52,0.000000,1005.00
27.500,1003.92,-79.95,0.411336,1000.00,0.185560,219.45,0.000000,1005.00
27.550,1004.13,-79.95,0.411347,1000.00,0.133722,225.33,0.000000,1005.00
27.600,1004.24,-79.95,0.411356,1000.00,0.176556,232.89,0.000000,1005.00
27.650,1003.98,-79.95,0.411356,1000.00,0.051773,227.45,0.000000,1005.00
27.700,1004.15,-79.95,0.411356,1000.00,0.032172,230.46,0.000000,1005.00
27.750,1004.58,-79.95,0.411356,1000.00,0.030310,241.53,0.000000,1005.00
27.800,1004.37,-79.95,0.411356,1000.00,0.033698,238.20,0.000000,1005.00
27.850,1003.74,-79.95,0.411356,1000.00,0.098445,222.11,0.000000,1005.00
27.900,1003.88,-79.95,0.411356,1000.00,0.072253,223.14,0.000000,1005.00
27.950,1004.25,-79.95,0.411346,1000.00,0.157158,232.82,0.000000,1005.00
28.000,1003.87,-79.95,0.411350,1000.00,0.064474,222.63,0.000000,1005.00
28.050,1003.59,-79.95,0.411356,1000.00,0.128723,214.51,0.000000,1005.00
28.100,1003.68,-79.95,0.411356,1000.00,0.031913,216.50,0.000000,1005.00
28.150,1003.77,-79.95,0.411356,1000.00,0.028296,219.39,0.000000,1005.00
28.200,1003.80,-79.95,0.411356,1000.00,0.027231,222.82,0.000000,1005.00
28.250,1003.77,-79.95,0.411355,1000.00,0.074434,222.16,0.000000,1005.00
28.300,1003.82,-79.95,0.411340,1000.00,0.291316,221.84,0.000000,1005.00
28.350,1003.73,-79.95,0.411341,1000.00,0.085941,217.76,0.000000,1005.00
28.400,1003.66,-79.95,0.411357,1000.00,0.274577,215.76,0.000000,1005.00
28.450,1003.83,-79.95,0.411356,1000.00,0.115221,217.97,0.000000,1005.00
28.500,1004.08,-79.95,0.411352,1000.00,0.115461,226.44,0.000000,1005.00
28.550,1004.26,-79.95,0.411345,1000.00,0.088261,232.21,0.000000,1005.00
28.600,1004.10,-79.95,0.411354,1000.00,0.135323,228.54,0.000000,1005.00
28.650,1003.88,-79.95,0.411356,1000.00,0.075056,221.97,0.000000,1005.00
28.700,1004.17,-79.95,0.411356,1000.00,0.030522,230.11,0.000000,1005.00
28.750,1003.98,-79.95,0.411356,1000.00,0.029572,224.89,0.000000,1005.00
28.800,1003.65,-79.95,0.411356,1000.00,0.029038,217.80,0.000000,1005.00
28.850,1003.90,-79.95,0.411356,1000.00,0.031203,225.37,0.000000,1005.00
28.900,1004.44,-79.95,0.411356,1000.00,0.064348,238.94,0.000000,1005.00
28.950,1004.57,-79.95,0.411356,1000.00,0.039247,240.75,0.000000,1005.00
29.000,1004.32,-79.95,0.411356,1000.00,0.063442,233.26,0.000000,1005.00
29.050,1004.07,-79.95,0.411356,1000.00,0.032189,225.38,0.000000,1005.00
29.100,1004.12,-79.95,0.411356,1000.00,0.029174,227.33,0.000000,1005.00
29.150,1004.09,-79.95,0.411356,1000.00,0.030063,228.39,0.000000,1005.00
29.200,1003.95,-79.95,0.411356,1000.00,0.044679,225.95,0.000000,1005.00
29.250,1003.80,-79.95,0.411347,1000.00,0.140807,221.27,0.000000,1005.00
29.300,1004.17,-79.95,0.411348,1000.00,0.033000,230.62,0.000000,1005.00
29.350,1004.45,-79.95,0.411356,1000.00,0.139277,240.38,0.000000,1005.00
29.400,1004.00,-79.95,0.411356,1000.00,0.039840,227.49,0.000000,1005.00
29.450,1003.63,-79.95,0.411356,1000.00,0.029223,216.51,0.000000,1005.00
29.500,1003.86,-79.95,0.411356,1000.00,0.029300,224.76,0.000000,1005.00
29.550,1004.32,-79.95,0.411356,1000.00,0.030953,236.24,0.000000,1005.00
29.600,1003.95,-79.95,0.411356,1000.00,0.032682,223.53,0.000000,1005.00
29.650,1003.81,-79.95,0.411349,1000.00,0.134799,218.23,0.000000,1005.00
29.700,1004.33,-79.95,0.411346,1000.00,0.045961,235.93,0.000000,1005.00
29.750,1004.11,-79.95,0.411355,1000.00,0.143027,232.85,0.000000,1005.00
29.800,1003.89,-79.95,0.411356,1000.00,0.077445,226.19,0.000000,1005.00
29.850,1004.00,-79.95,0.411357,1000.00,0.089665,225.66,0.000000,1005.00
29.900,1004.04,-79.95,0.411357,1000.00,0.062892,225.06,0.000000,1005.00
29.950,1003.77,-79.95,0.411357,1000.00,0.066122,218.40,0.000000,1005.00
30.000,1004.05,-79.95,0.411355,1000.00,0.100291,227.05,0.000000,1005.00
30.050,1004.18,-79.95,0.411346,1000.00,0.141555,229.06,0.000000,1005.00
30.100,1004.11,-79.95,0.411350,1000.00,0.060256,228.11,0.000000,1005.00
30.150,1004.19,-79.95,0.411356,1000.00,0.129194,229.45,0.000000,1005.00
30.200,1004.03,-79.95,0.411356,1000.00,0.030983,225.36,0.000000,1005.00
30.250,1003.93,-79.95,0.411356,1000.00,0.055983,225.38,0.000000,1005.00
30.300,1003.99,-79.95,0.411351,1000.00,0.124107,225.64,0.000000,1005.00
30.350,1004.09,-79.95,0.411345,1000.00,0.110559,228.74,0.000000,1005.00
30.400,1003.77,-79.95,0.411356,1000.00,0.143071,219.17,0.000000,1005.00
30.450,1003.73,-79.95,0.411356,1000.00,0.120038,217.12,0.000000,1005.00
30.500,1003.98,-79.95,0.411356,1000.00,0.039056,224.87,0.000000,1005.00
30.550,1004.04,-79.95,0.411354,1000.00,0.084620,228.46,0.000000,1005.00
30.600,1003.93,-79.95,0.411345,1000.00,0.129479,223.40,0.000000,1005.00
30.650,1003.65,-79.95,0.411352,1000.00,0.099101,215.01,0.000000,1005.00
30.700,1003.94,-79.95,0.411356,1000.00,0.083337,225.18,0.000000,1005.00
30.750,1003.91,-79.95,0.411347,1000.00,0.140760,225.32,0.000000,1005.00
30.800,1003.59,-79.95,0.411348,1000.00,0.034540,216.82,0.000000,1005.00
30.850,1003.64,-79.95,0.411349,1000.00,0.032592,218.07,0.000000,1005.00
30.900,1003.99,-79.95,0.411346,1000.00,0.050601,226.83,0.000000,1005.00
30.950,1004.02,-79.95,0.411355,1000.00,0.142621,226.48,0.000000,1005.00
31.000,1003.55,-79.95,0.411356,1000.00,0.066536,213.23,0.000000,1005.00
31.050,1003.10,-79.95,0.411356,1000.00,0.048820,202.30,0.000000,1005.00
31.100,1003.43,-79.95,0.411356,1000.00,0.054843,213.63,0.000000,1005.00
31.150,1004.02,-79.95,0.411356,1000.00,0.044218,228.04,0.000000,1005.00
31.200,1004.29,-79.95,0.411356,1000.00,0.028783,233.82,0.000000,1005.00
31.250,1004.24,-79.95,0.411356,1000.00,0.054433,232.40,0.000000,1005.00
31.300,1003.78,-79.95,0.411357,1000.00,0.117944,217.70,0.000000,1005.00
31.350,1003.98,-79.95,0.411358,1000.00,0.100275,226.29,0.000000,1005.00
31.400,1003.88,-79.95,0.411356,1000.00,0.112346,224.06,0.000000,1005.00
31.450,1003.70,-79.95,0.411356,1000.00,0.048836,218.49,0.000000,1005.00
31.500,1003.71,-79.95,0.411356,1000.00,0.053554,218.48,0.000000,1005.00
31.550,1003.69,-79.95,0.411356,1000.00,0.028391,219.08,0.000000,1005.00
31.600,1003.90,-79.95,0.411356,1000.00,0.033030,227.03,0.000000,1005.00
31.650,1003.96,-79.95,0.411356,1000.00,0.063259,228.10,0.000000,1005.00
31.700,1003.86,-79.95,0.411356,1000.00,0.063546,222.63,0.000000,1005.00
31.750,1003.71,-79.95,0.411347,1000.00,0.149682,218.29,0.000000,1005.00
31.800,1003.69,-79.95,0.411349,1000.00,0.047841,216.66,0.000000,1005.00
31.850,1003.81,-79.95,0.411356,1000.00,0.127576,219.13,0.000000,1005.00
31.900,1004.13,-79.95,0.411345,1000.00,0.184003,230.35,0.000000,1005.00
31.950,1004.21,-79.95,0.411327,1000.00,0.250727,232.57,0.000000,1005.00
32.000,1004.07,-79.95,0.411346,1000.00,0.221372,229.54,0.000000,1005.00
32.050,1003.59,-79.95,0.411354,1000.00,0.189401,215.71,0.000000,1005.00
32.100,1003.53,-79.95,0.411345,1000.00,0.130969,210.02,0.000000,1005.00
32.150,1003.70,-79.95,0.411352,1000.00,0.098779,215.95,0.000000,1005.00
32.200,1003.80,-79.95,0.411356,1000.00,0.108906,220.48,0.000000,1005.00
32.250,1003.81,-79.95,0.411356,1000.00,0.033789,221.60,0.000000,1005.00
32.300,1003.67,-79.95,0.411356,1000.00,0.062210,218.93,0.000000,1005.00
32.350,1004.17,-79.95,0.411352,1000.00,0.115838,231.76,0.000000,1005.00
32.400,1004.20,-79.95,0.411345,1000.00,0.109138,229.53,0.000000,1005.00
32.450,1004.31,-79.95,0.411354,1000.00,0.133096,232.51,0.000000,1005.00
32.500,1004.06,-79.95,0.411356,1000.00,0.075204,227.46,0.000000,1005.00
32.550,1003.91,-79.95,0.411357,1000.00,0.101564,225.33,0.000000,1005.00
32.600,1003.94,-79.95,0.411357,1000.00,0.056875,226.18,0.000000,1005.00
32.650,1003.97,-79.95,0.411356,1000.00,0.104591,223.36,0.000000,1005.00
32.700,1004.07,-79.95,0.411356,1000.00,0.035105,226.84,0.000000,1005.00
32.750,1004.09,-79.95,0.411356,1000.00,0.038985,227.15,0.000000,1005.00
32.800,1003.92,-79.95,0.411356,1000.00,0.059517,223.87,0.000000,1005.00
32.850,1003.84,-79.95,0.411356,1000.00,0.040928,221.45,0.000000,1005.00
32.900,1004.19,-79.95,0.411356,1000.00,0.041249,232.03,0.000000,1005.00
32.950,1004.19,-79.95,0.411356,1000.00,0.056062,232.58,0.000000,1005.00
33.000,1003.64,-79.95,0.411356,1000.00,0.045122,217.14,0.000000,1005.00
33.050,1003.56,-79.95,0.411355,1000.00,0.076122,213.77,0.000000,1005.00
33.100,1003.64,-79.95,0.411346,1000.00,0.145551,216.05,0.000000,1005.00
33.150,1003.94,-79.95,0.411350,1000.00,0.080948,223.83,0.000000,1005.00
33.200,1003.89,-79.95,0.411356,1000.00,0.130969,221.71,0.000000,1005.00
33.250,1003.69,-79.95,0.411356,1000.00,0.030516,219.64,0.000000,1005.00
33.300,1003.70,-79.95,0.411356,1000.00,0.057305,219.19,0.000000,1005.00
33.350,1003.74,-79.95,0.411356,1000.00,0.054857,218.83,0.000000,1005.00
33.400,1003.83,-79.95,0.411356,1000.00,0.041073,222.99,0.000000,1005.00
33.450,1003.88,-79.95,0.411356,1000.00,0.073333,223.63,0.000000,1005.00
33.500,1003.72,-79.95,0.411347,1000.00,0.143309,216.55,0.000000,1005.00
33.550,1004.03,-79.95,0.411348,1000.00,0.037900,225.11,0.000000,1005.00
33.600,1003.87,-79.95,0.411356,1000.00,0.136664,220.98,0.000000,1005.00
33.650,1003.50,-79.95,0.411356,1000.00,0.036795,209.93,0.000000,1005.00
33.700,1003.64,-79.95,0.411356,1000.00,0.029346,212.69,0.000000,1005.00
33.750,1003.74,-79.95,0.411356,1000.00,0.025173,216.78,0.000000,1005.00
33.800,1003.78,-79.95,0.411356,1000.00,0.030036,219.30,0.000000,1005.00
33.850,1003.97,-79.95,0.411356,1000.00,0.029895,222.87,0.000000,1005.00
33.900,1003.61,-79.95,0.411356,1000.00,0.027276,212.75,0.000000,1005.00
33.950,1003.51,-79.95,0.411351,1000.00,0.121141,214.14,0.000000,1005.00
34.000,1003.56,-79.95,0.411345,1000.00,0.077845,216.01,0.000000,1005.00
34.050,1003.74,-79.95,0.411355,1000.00,0.137932,221.10,0.000000,1005.00
34.100,1003.98,-79.95,0.411356,1000.00,0.069140,227.18,0.000000,1005.00
34.150,1003.85,-79.95,0.411356,1000.00,0.029275,223.67,0.000000,1005.00
34.200,1003.94,-79.95,0.411356,1000.00,0.030041,227.76,0.000000,1005.00
34.250,1003.65,-79.95,0.411356,1000.00,0.027265,218.17,0.000000,1005.00
34.300,1003.44,-79.95,0.411356,1000.00,0.058868,211.64,0.000000,1005.00
34.350,1003.64,-79.95,0.411356,1000.00,0.042528,218.08,0.000000,1005.00
34.400,1003.67,-79.95,0.411356,1000.00,0.064963,216.63,0.000000,1005.00
34.450,1003.45,-79.95,0.411349,1000.00,0.134824,210.37,0.000000,1005.00
34.500,1003.34,-79.95,0.411346,1000.00,0.044831,207.95,0.000000,1005.00
34.550,1003.39,-79.95,0.411355,1000.00,0.142545,209.07,0.000000,1005.00
34.600,1003.71,-79.95,0.411353,1000.00,0.060334,218.24,0.000000,1005.00
34.650,1003.92,-79.95,0.411345,1000.00,0.114061,225.58,0.000000,1005.00
34.700,1003.74,-79.95,0.411353,1000.00,0.126549,221.44,0.000000,1005.00
34.750,1003.63,-79.95,0.411356,1000.00,0.101138,217.92,0.000000,1005.00
34.800,1003.89,-79.95,0.411356,1000.00,0.056332,224.75,0.000000,1005.00
34.850,1004.05,-79.95,0.411356,1000.00,0.032258,229.90,0.000000,1005.00
34.900,1003.90,-79.95,0.411356,1000.00,0.062521,225.59,0.000000,1005.00
34.950,1003.64,-79.95,0.411347,1000.00,0.147292,216.77,0.000000,1005.00
35.000,1003.35,-79.95,0.411348,1000.00,0.048922,206.62,0.000000,1005.00
35.050,1003.79,-79.95,0.411356,1000.00,0.138848,216.59,0.000000,1005.00
35.100,1003.94,-79.95,0.411356,1000.00,0.038846,220.16,0.000000,1005.00
35.150,1004.06,-79.95,0.411356,1000.00,0.057957,226.91,0.000000,1005.00
35.200,1003.94,-79.95,0.411356,1000.00,0.045579,223.88,0.000000,1005.00
35.250,1004.01,-79.95,0.411350,1000.00,0.138811,225.97,0.000000,1005.00
35.300,1003.96,-79.95,0.411346,1000.00,0.065811,224.14,0.000000,1005.00
35.350,1003.80,-79.95,0.411355,1000.00,0.141684,220.75,0.000000,1005.00
35.400,1003.76,-79.95,0.411356,1000.00,0.060256,221.18,0.000000,1005.00
35.450,1004.12,-79.95,0.411356,1000.00,0.029565,231.73,0.000000,1005.00
35.500,1003.96,-79.95,0.411356,1000.00,0.026576,226.11,0.000000,1005.00
35.550,1003.67,-79.95,0.411356,1000.00,0.028859,216.95,0.000000,1005.00
35.600,1004.02,-79.95,0.411356,1000.00,0.031109,229.71,0.000000,1005.00
35.650,1004.10,-79.95,0.411356,1000.00,0.028246,229.39,0.000000,1005.00
35.700,1003.60,-79.95,0.411356,1000.00,0.028426,213.94,0.000000,1005.00
35.750,1003.45,-79.95,0.411356,1000.00,0.028627,211.29,0.000000,1005.00
35.800,1004.25,-79.95,0.411356,1000.00,0.031671,234.31,0.000000,1005.00
35.850,1004.35,-79.95,0.411356,1000.00,0.026922,237.26,0.000000,1005.00
35.900,1003.95,-79.95,0.411354,1000.00,0.080854,225.88,0.000000,1005.00
35.950,1004.44,-79.95,0.411345,1000.00,0.133176,239.34,0.000000,1005.00
36.000,1004.83,-79.95,0.411351,1000.00,0.099916,248.06,0.000000,1005.00
36.050,1005.26,-79.95,0.411349,1000.00,0.068646,257.03,0.000000,1005.00
36.100,1004.81,-79.95,0.411352,1000.00,0.064870,244.50,0.000000,1005.00
36.150,1003.97,-79.95,0.411347,1000.00,0.092395,223.50,0.000000,1005.00
36.200,1003.83,-79.95,0.411348,1000.00,0.032133,219.25,0.000000,1005.00
36.250,1004.16,-79.95,0.411356,1000.00,0.144854,228.27,0.000000,1005.00
36.300,1004.14,-79.95,0.411349,1000.00,0.135457,227.34,0.000000,1005.00
36.350,1003.88,-79.95,0.411347,1000.00,0.065059,222.55,0.000000,1005.00
36.400,1004.17,-79.95,0.411356,1000.00,0.143852,231.00,0.000000,1005.00
36.450,1004.07,-79.95,0.411356,1000.00,0.068707,227.42,0.000000,1005.00
36.500,1003.61,-79.95,0.411356,1000.00,0.046232,215.21,0.000000,1005.00
36.550,1003.49,-79.95,0.411356,1000.00,0.054620,213.59,0.000000,1005.00
36.600,1003.80,-79.95,0.411356,1000.00,0.027156,221.51,0.000000,1005.00
36.650,1004.00,-79.95,0.411351,1000.00,0.121334,224.83,0.000000,1005.00
36.700,1004.20,-79.95,0.411345,1000.00,0.080008,232.03,0.000000,1005.00
36.750,1004.30,-79.95,0.411355,1000.00,0.138435,233.85,0.000000,1005.00
36.800,1004.42,-79.95,0.411356,1000.00,0.067334,238.40,0.000000,1005.00
36.850,1004.21,-79.95,0.411352,1000.00,0.113744,233.50,0.000000,1005.00
36.900,1003.77,-79.95,0.411345,1000.00,0.095192,219.68,0.000000,1005.00
36.950,1003.33,-79.95,0.411354,1000.00,0.144100,207.45,0.000000,1005.00
37.000,1003.33,-79.95,0.411357,1000.00,0.085579,208.44,0.000000,1005.00
37.050,1003.59,-79.95,0.411356,1000.00,0.089706,215.59,0.000000,1005.00
37.100,1003.59,-79.95,0.411356,1000.00,0.057589,214.80,0.000000,1005.00
37.150,1003.65,-79.95,0.411356,1000.00,0.039086,213.96,0.000000,1005.00
37.200,1003.80,-79.95,0.411356,1000.00,0.067709,218.48,0.000000,1005.00
37.250,1003.93,-79.95,0.411348,1000.00,0.138807,223.16,0.000000,1005.00
37.300,1004.19,-79.95,0.411347,1000.00,0.035473,231.02,0.000000,1005.00
37.350,1004.25,-79.95,0.411356,1000.00,0.141886,233.48,0.000000,1005.00
37.400,1003.98,-79.95,0.411356,1000.00,0.046131,226.33,0.000000,1005.00
37.450,1003.95,-79.95,0.411356,1000.00,0.029488,227.27,0.000000,1005.00
37.500,1003.84,-79.95,0.411356,1000.00,0.056064,225.53,0.000000,1005.00
37.550,1003.74,-79.95,0.411356,1000.00,0.045648,220.79,0.000000,1005.00
37.600,1004.09,-79.95,0.411352,1000.00,0.122860,229.37,0.000000,1005.00
37.650,1003.82,-79.95,0.411334,1000.00,0.193329,220.00,0.000000,1005.00
37.700,1003.67,-79.95,0.411339,1000.00,0.110399,214.74,0.000000,1005.00
37.750,1003.81,-79.95,0.411348,1000.00,0.111190,219.47,0.000000,1005.00
37.800,1003.67,-79.95,0.411356,1000.00,0.136364,215.65,0.000000,1005.00
37.850,1003.79,-79.95,0.411356,1000.00,0.036898,219.49,0.000000,1005.00
37.900,1003.76,-79.95,0.411356,1000.00,0.026497,217.95,0.000000,1005.00
37.950,1003.62,-79.95,0.411356,1000.00,0.028489,215.69,0.000000,1005.00
38.000,1004.07,-79.95,0.411356,1000.00,0.045975,228.09,0.000000,1005.00
38.050,1004.28,-79.95,0.411356,1000.00,0.054871,233.71,0.000000,1005.00
38.100,1004.01,-79.95,0.411356,1000.00,0.050237,226.21,0.000000,1005.00
38.150,1003.97,-79.95,0.411355,1000.00,0.077455,225.54,0.000000,1005.00
38.200,1003.48,-79.95,0.411346,1000.00,0.139764,212.82,0.000000,1005.00
38.250,1003.09,-79.95,0.411350,1000.00,0.066810,199.73,0.000000,1005.00
38.300,1003.40,-79.95,0.411356,1000.00,0.124546,208.96,0.000000,1005.00
38.350,1003.69,-79.95,0.411356,1000.00,0.056124,215.13,0.000000,1005.00
38.400,1003.85,-79.95,0.411356,1000.00,0.057244,219.79,0.000000,1005.00
38.450,1004.04,-79.95,0.411356,1000.00,0.045783,224.21,0.000000,1005.00
38.500,1004.28,-79.95,0.411356,1000.00,0.065908,232.34,0.000000,1005.00
38.550,1003.90,-79.95,0.411356,1000.00,0.032630,224.74,0.000000,1005.00
38.600,1003.60,-79.95,0.411356,1000.00,0.029199,216.98,0.000000,1005.00
38.650,1003.52,-79.95,0.411356,1000.00,0.023097,214.29,0.000000,1005.00
38.700,1003.90,-79.95,0.411356,1000.00,0.028766,224.44,0.000000,1005.00
38.750,1004.21,-79.95,0.411356,1000.00,0.028807,230.64,0.000000,1005.00
38.800,1004.46,-79.95,0.411356,1000.00,0.031316,239.07,0.000000,1005.00
38.850,1004.26,-79.95,0.411356,1000.00,0.029568,234.32,0.000000,1005.00
38.900,1003.86,-79.95,0.411356,1000.00,0.029553,222.25,0.000000,1005.00
38.950,1004.05,-79.95,0.411356,1000.00,0.028917,227.49,0.000000,1005.00
39.000,1004.09,-79.95,0.411356,1000.00,0.057570,227.60,0.000000,1005.00
39.050,1003.83,-79.95,0.411356,1000.00,0.045250,222.11,0.000000,1005.00
39.100,1003.90,-79.95,0.411356,1000.00,0.060319,224.13,0.000000,1005.00
39.150,1003.77,-79.95,0.411356,1000.00,0.032763,218.34,0.000000,1005.00
39.200,1003.68,-79.95,0.411356,1000.00,0.074346,217.66,0.000000,1005.00
39.250,1003.82,-79.95,0.411347,1000.00,0.144336,220.75,0.000000,1005.00
39.300,1003.73,-79.95,0.411349,1000.00,0.070859,216.69,0.000000,1005.00
39.350,1003.59,-79.95,0.411356,1000.00,0.135521,213.70,0.000000,1005.00
39.400,1003.52,-79.95,0.411356,1000.00,0.032767,213.19,0.000000,1005.00
39.450,1003.58,-79.95,0.411356,1000.00,0.027084,214.63,0.000000,1005.00
39.500,1003.50,-79.95,0.411356,1000.00,0.025739,211.03,0.000000,1005.00
39.550,1003.84,-79.95,0.411356,1000.00,0.026821,220.81,0.000000,1005.00
39.600,1004.14,-79.95,0.411356,1000.00,0.031200,229.84,0.000000,1005.00
39.650,1004.08,-79.95,0.411356,1000.00,0.027891,228.88,0.000000,1005.00
39.700,1003.75,-79.95,0.411356,1000.00,0.031784,218.20,0.000000,1005.00
39.750,1003.68,-79.95,0.411356,1000.00,0.026914,218.41,0.000000,1005.00
39.800,1003.41,-79.95,0.411356,1000.00,0.029918,212.68,0.000000,1005.00
39.850,1003.44,-79.95,0.411356,1000.00,0.066148,212.95,0.000000,1005.00
39.900,1003.31,-79.95,0.411349,1000.00,0.142135,207.96,0.000000,1005.00
39.950,1003.47,-79.95,0.411347,1000.00,0.062611,212.97,0.000000,1005.00
40.000,1003.71,-79.95,0.411356,1000.00,0.150071,217.68,0.000000,1005.00
40.050,1003.89,-79.95,0.411356,1000.00,0.047628,220.91,0.000000,1005.00
40.100,1003.67,-79.95,0.411356,1000.00,0.029335,213.78,0.000000,1005.00
40.150,1003.58,-79.95,0.411356,1000.00,0.029175,213.18,0.000000,1005.00
40.200,1003.14,-79.95,0.411356,1000.00,0.071988,201.37,0.000000,1005.00
40.250,1003.02,-79.95,0.411346,1000.00,0.168105,196.34,0.000000,1005.00
40.300,1003.49,-79.95,0.411330,1000.00,0.172274,210.27,0.000000,1005.00
40.350,1003.85,-79.95,0.411325,1000.00,0.120008,221.74,0.000000,1005.00
40.400,1003.62,-79.95,0.411339,1000.00,0.128389,217.29,0.000000,1005.00
40.450,1003.93,-79.95,0.411355,1000.00,0.181923,227.76,0.000000,1005.00
40.500,1004.02,-79.95,0.411349,1000.00,0.111665,229.59,0.000000,1005.00
40.550,1003.79,-79.95,0.411347,1000.00,0.040265,221.61,0.000000,1005.00
40.600,1004.03,-79.95,0.411356,1000.00,0.153558,228.32,0.000000,1005.00
40.650,1004.12,-79.95,0.411356,1000.00,0.054313,229.90,0.000000,1005.00
40.700,1003.82,-79.95,0.411350,1000.00,0.137574,222.02,0.000000,1005.00
40.750,1003.63,-79.95,0.411346,1000.00,0.077029,215.05,0.000000,1005.00
40.800,1003.84,-79.95,0.411355,1000.00,0.142606,222.55,0.000000,1005.00
40.850,1004.07,-79.95,0.411356,1000.00,0.055518,228.87,0.000000,1005.00
40.900,1004.09,-79.95,0.411356,1000.00,0.032896,229.12,0.000000,1005.00
40.950,1004.08,-79.95,0.411350,1000.00,0.127904,227.41,0.000000,1005.00
41.000,1004.23,-79.95,0.411346,1000.00,0.063359,232.41,0.000000,1005.00
41.050,1004.19,-79.95,0.411355,1000.00,0.141855,230.35,0.000000,1005.00
41.100,1003.91,-79.95,0.411356,1000.00,0.040482,221.92,0.000000,1005.00
41.150,1003.71,-79.95,0.411348,1000.00,0.138102,217.04,0.000000,1005.00
41.200,1003.98,-79.95,0.411347,1000.00,0.047829,225.20,0.000000,1005.00
41.250,1004.19,-79.95,0.411353,1000.00,0.118255,231.93,0.000000,1005.00
41.300,1003.66,-79.95,0.411346,1000.00,0.127740,216.22,0.000000,1005.00
41.350,1003.92,-79.95,0.411352,1000.00,0.138061,223.53,0.000000,1005.00
41.400,1003.88,-79.95,0.411345,1000.00,0.106634,222.31,0.000000,1005.00
41.450,1003.71,-79.95,0.411352,1000.00,0.099195,218.76,0.000000,1005.00
41.500,1003.63,-79.95,0.411356,1000.00,0.108262,217.01,0.000000,1005.00
41.550,1003.61,-79.95,0.411356,1000.00,0.026466,217.31,0.000000,1005.00
41.600,1003.99,-79.95,0.411356,1000.00,0.054301,225.89,0.000000,1005.00
41.650,1004.13,-79.95,0.411351,1000.00,0.124066,228.33,0.000000,1005.00
41.700,1003.61,-79.95,0.411335,1000.00,0.181654,214.33,0.000000,1005.00
41.750,1003.45,-79.95,0.411348,1000.00,0.135164,209.66,0.000000,1005.00
41.800,1003.59,-79.95,0.411356,1000.00,0.153128,215.33,0.000000,1005.00
41.850,1003.52,-79.95,0.411356,1000.00,0.049868,212.26,0.000000,1005.00
41.900,1003.64,-79.95,0.411356,1000.00,0.046844,214.69,0.000000,1005.00
41.950,1003.86,-79.95,0.411356,1000.00,0.061814,221.94,0.000000,1005.00
42.000,1003.60,-79.95,0.411356,1000.00,0.036694,216.70,0.000000,1005.00
42.050,1003.41,-79.95,0.411351,1000.00,0.120217,211.73,0.000000,1005.00
42.100,1003.48,-79.95,0.411345,1000.00,0.079294,212.41,0.000000,1005.00
42.150,1003.89,-79.95,0.411355,1000.00,0.141102,224.04,0.000000,1005.00
42.200,1003.65,-79.95,0.411356,1000.00,0.083113,217.15,0.000000,1005.00
42.250,1003.55,-79.95,0.411356,1000.00,0.043784,216.27,0.000000,1005.00
42.300,1003.50,-79.95,0.411352,1000.00,0.121379,214.29,0.000000,1005.00
42.350,1003.62,-79.95,0.411345,1000.00,0.095480,213.56,0.000000,1005.00
42.400,1003.84,-79.95,0.411351,1000.00,0.111818,220.40,0.000000,1005.00
42.450,1003.79,-79.95,0.411341,1000.00,0.137124,221.47,0.000000,1005.00
42.500,1003.78,-79.95,0.411335,1000.00,0.102937,218.99,0.000000,1005.00
42.550,1003.72,-79.95,0.411344,1000.00,0.093232,215.18,0.000000,1005.00
42.600,1003.69,-79.95,0.411355,1000.00,0.157958,217.54,0.000000,1005.00
42.650,1003.80,-79.95,0.411356,1000.00,0.055304,222.21,0.000000,1005.00
42.700,1003.56,-79.95,0.411356,1000.00,0.040861,213.78,0.000000,1005.00
42.750,1003.42,-79.95,0.411344,1000.00,0.271810,207.43,0.000000,1005.00
42.800,1003.76,-79.95,0.411337,1000.00,0.126042,220.19,0.000000,1005.00
42.850,1003.90,-79.95,0.411354,1000.00,0.293437,224.63,0.000000,1005.00
42.900,1004.29,-79.95,0.411356,1000.00,0.108874,233.82,0.000000,1005.00
42.950,1004.19,-79.95,0.411356,1000.00,0.040722,229.30,0.000000,1005.00
43.000,1003.78,-79.95,0.411348,1000.00,0.145962,217.78,0.000000,1005.00
43.050,1003.44,-79.95,0.411348,1000.00,0.085576,208.05,0.000000,1005.00
43.100,1003.43,-79.95,0.411357,1000.00,0.145303,207.50,0.000000,1005.00
43.150,1003.43,-79.95,0.411356,1000.00,0.097726,209.10,0.000000,1005.00
43.200,1003.74,-79.95,0.411356,1000.00,0.029754,217.46,0.000000,1005.00
43.250,1004.10,-79.95,0.411356,1000.00,0.028026,225.89,0.000000,1005.00
43.300,1004.13,-79.95,0.411356,1000.00,0.046544,226.38,0.000000,1005.00
43.350,1003.87,-79.95,0.411341,1000.00,0.181774,219.10,0.000000,1005.00
43.400,1003.54,-79.95,0.411338,1000.00,0.053172,212.05,0.000000,1005.00
43.450,1003.74,-79.95,0.411355,1000.00,0.198955,216.44,0.000000,1005.00
43.500,1003.78,-79.95,0.411356,1000.00,0.073603,217.68,0.000000,1005.00
43.550,1003.64,-79.95,0.411356,1000.00,0.064174,212.69,0.000000,1005.00
43.600,1003.87,-79.95,0.411356,1000.00,0.062074,220.65,0.000000,1005.00
43.650,1004.01,-79.95,0.411357,1000.00,0.079685,227.33,0.000000,1005.00
43.700,1003.84,-79.95,0.411357,1000.00,0.060537,223.04,0.000000,1005.00
43.750,1003.84,-79.95,0.411357,1000.00,0.070109,224.72,0.000000,1005.00
43.800,1004.16,-79.95,0.411356,1000.00,0.081219,230.44,0.000000,1005.00
43.850,1004.13,-79.95,0.411356,1000.00,0.049903,228.90,0.000000,1005.00
43.900,1003.80,-79.95,0.411356,1000.00,0.059121,220.91,0.000000,1005.00
43.950,1003.59,-79.95,0.411356,1000.00,0.029182,214.92,0.000000,1005.00
44.000,1003.47,-79.95,0.411356,1000.00,0.026525,210.79,0.000000,1005.00
44.050,1003.88,-79.95,0.411356,1000.00,0.055688,223.94,0.000000,1005.00
44.100,1004.12,-79.95,0.411356,1000.00,0.046251,230.80,0.000000,1005.00
44.150,1003.91,-79.95,0.411355,1000.00,0.082351,225.99,0.000000,1005.00
44.200,1003.84,-79.95,0.411346,1000.00,0.142912,224.87,0.000000,1005.00
44.250,1003.74,-79.95,0.411350,1000.00,0.081634,220.65,0.000000,1005.00
44.300,1003.95,-79.95,0.411356,1000.00,0.129452,223.98,0.000000,1005.00
44.350,1004.13,-79.95,0.411356,1000.00,0.063521,226.71,0.000000,1005.00
44.400,1003.84,-79.95,0.411351,1000.00,0.118127,219.30,0.000000,1005.00
44.450,1003.53,-79.95,0.411345,1000.00,0.100558,213.54,0.000000,1005.00
44.500,1003.75,-79.95,0.411355,1000.00,0.139257,220.20,0.000000,1005.00
44.550,1003.76,-79.95,0.411356,1000.00,0.068274,220.77,0.000000,1005.00
44.600,1003.97,-79.95,0.411346,1000.00,0.145367,226.85,0.000000,1005.00
44.650,1003.72,-79.95,0.411339,1000.00,0.096116,218.97,0.000000,1005.00
44.700,1003.54,-79.95,0.411349,1000.00,0.122023,212.63,0.000000,1005.00
44.750,1003.74,-79.95,0.411356,1000.00,0.134993,215.32,0.000000,1005.00
44.800,1003.76,-79.95,0.411356,1000.00,0.033575,216.58,0.000000,1005.00
44.850,1003.39,-79.95,0.411356,1000.00,0.059731,207.18,0.000000,1005.00
44.900,1003.54,-79.95,0.411356,1000.00,0.039283,213.49,0.000000,1005.00
44.950,1003.97,-79.95,0.411356,1000.00,0.031711,227.01,0.000000,1005.00
45.000,1003.95,-79.95,0.411356,1000.00,0.037827,226.18,0.000000,1005.00
45.050,1003.58,-79.95,0.411356,1000.00,0.078865,216.85,0.000000,1005.00
45.100,1003.83,-79.95,0.411356,1000.00,0.084124,222.87,0.000000,1005.00
45.150,1004.06,-79.95,0.411344,1000.00,0.163211,227.22,0.000000,1005.00
45.200,1003.79,-79.95,0.411340,1000.00,0.068559,220.48,0.000000,1005.00
45.250,1004.07,-79.95,0.411351,1000.00,0.137981,228.98,0.000000,1005.00
45.300,1004.41,-79.95,0.411354,1000.00,0.050505,238.02,0.000000,1005.00
45.350,1004.13,-79.95,0.411345,1000.00,0.125672,232.91,0.000000,1005.00
45.400,1004.14,-79.95,0.411352,1000.00,0.107908,230.67,0.000000,1005.00
45.450,1004.22,-79.95,0.411356,1000.00,0.103953,230.11,0.000000,1005.00
45.500,1004.10,-79.95,0.411356,1000.00,0.029883,228.43,0.000000,1005.00
45.550,1003.93,-79.95,0.411356,1000.00,0.029255,224.45,0.000000,1005.00
45.600,1003.95,-79.95,0.411355,1000.00,0.060184,225.27,0.000000,1005.00
45.650,1004.14,-79.95,0.411346,1000.00,0.141467,230.86,0.000000,1005.00
45.700,1003.88,-79.95,0.411350,1000.00,0.058979,224.23,0.000000,1005.00
45.750,1003.82,-79.95,0.411356,1000.00,0.136275,224.19,0.000000,1005.00
45.800,1004.02,-79.95,0.411356,1000.00,0.051639,228.05,0.000000,1005.00
45.850,1004.07,-79.95,0.411356,1000.00,0.055451,229.57,0.000000,1005.00
45.900,1003.50,-79.95,0.411356,1000.00,0.042014,213.24,0.000000,1005.00
45.950,1003.58,-79.95,0.411356,1000.00,0.099640,215.00,0.000000,1005.00
46.000,1004.00,-79.95,0.411357,1000.00,0.072168,227.58,0.000000,1005.00
46.050,1004.07,-79.95,0.411356,1000.00,0.092204,229.61,0.000000,1005.00
46.100,1003.71,-79.95,0.411356,1000.00,0.089543,218.98,0.000000,1005.00
46.150,1003.61,-79.95,0.411357,1000.00,0.087245,217.17,0.000000,1005.00
46.200,1003.79,-79.95,0.411358,1000.00,0.075540,223.31,0.000000,1005.00
46.250,1003.78,-79.95,0.411356,1000.00,0.090590,221.55,0.000000,1005.00
46.300,1004.10,-79.95,0.411356,1000.00,0.058097,229.55,0.000000,1005.00
46.350,1003.91,-79.95,0.411356,1000.00,0.038413,224.28,0.000000,1005.00
46.400,1004.02,-79.95,0.411356,1000.00,0.042488,227.38,0.000000,1005.00
46.450,1003.91,-79.95,0.411356,1000.00,0.062155,224.41,0.000000,1005.00
46.500,1003.90,-79.95,0.411356,1000.00,0.037411,225.44,0.000000,1005.00
46.550,1004.28,-79.95,0.411356,1000.00,0.028737,235.04,0.000000,1005.00
46.600,1004.08,-79.95,0.411356,1000.00,0.031458,226.98,0.000000,1005.00
46.650,1003.89,-79.95,0.411356,1000.00,0.095061,224.49,0.000000,1005.00
46.700,1003.64,-79.95,0.411357,1000.00,0.069921,217.59,0.000000,1005.00
46.750,1003.92,-79.95,0.411356,1000.00,0.078374,225.32,0.000000,1005.00
46.800,1004.00,-79.95,0.411356,1000.00,0.058587,226.54,0.000000,1005.00
46.850,1004.00,-79.95,0.411356,1000.00,0.052825,225.44,0.000000,1005.00
46.900,1004.23,-79.95,0.411356,1000.00,0.031122,231.90,0.000000,1005.00
46.950,1004.14,-79.95,0.411356,1000.00,0.029312,228.91,0.000000,1005.00
47.000,1003.77,-79.95,0.411356,1000.00,0.029341,220.38,0.000000,1005.00
47.050,1003.31,-79.95,0.411356,1000.00,0.026106,207.75,0.000000,1005.00
47.100,1003.67,-79.95,0.411356,1000.00,0.030344,219.22,0.000000,1005.00
47.150,1004.01,-79.95,0.411356,1000.00,0.027857,226.41,0.000000,1005.00
47.200,1003.87,-79.95,0.411356,1000.00,0.029843,221.11,0.000000,1005.00
47.250,1004.03,-79.95,0.411356,1000.00,0.029125,227.78,0.000000,1005.00
47.300,1004.32,-79.95,0.411355,1000.00,0.054179,234.96,0.000000,1005.00
47.350,1004.08,-79.95,0.411347,1000.00,0.141499,227.08,0.000000,1005.00
47.400,1003.87,-79.95,0.411349,1000.00,0.044830,224.15,0.000000,1005.00
47.450,1003.92,-79.95,0.411355,1000.00,0.102732,226.88,0.000000,1005.00
47.500,1003.86,-79.95,0.411343,1000.00,0.162538,222.01,0.000000,1005.00
47.550,1003.68,-79.95,0.411339,1000.00,0.051400,214.79,0.000000,1005.00
47.600,1003.81,-79.95,0.411349,1000.00,0.141252,220.09,0.000000,1005.00
47.650,1003.95,-79.95,0.411345,1000.00,0.100021,224.28,0.000000,1005.00
47.700,1004.12,-79.95,0.411354,1000.00,0.128236,227.18,0.000000,1005.00
47.750,1004.07,-79.95,0.411356,1000.00,0.084348,226.90,0.000000,1005.00
47.800,1003.99,-79.95,0.411356,1000.00,0.031975,226.29,0.000000,1005.00
47.850,1004.39,-79.95,0.411356,1000.00,0.029378,238.64,0.000000,1005.00
47.900,1004.28,-79.95,0.411356,1000.00,0.029949,234.05,0.000000,1005.00
47.950,1004.06,-79.95,0.411356,1000.00,0.029987,229.38,0.000000,1005.00
48.000,1003.92,-79.95,0.411356,1000.00,0.027374,226.87,0.000000,1005.00
48.050,1003.72,-79.95,0.411356,1000.00,0.027916,220.44,0.000000,1005.00
48.100,1004.19,-79.95,0.411356,1000.00,0.030714,230.76,0.000000,1005.00
48.150,1004.24,-79.95,0.411356,1000.00,0.027491,229.41,0.000000,1005.00
48.200,1003.88,-79.95,0.411356,1000.00,0.032692,220.69,0.000000,1005.00
48.250,1003.66,-79.95,0.411356,1000.00,0.055466,217.07,0.000000,1005.00
48.300,1003.62,-79.95,0.411356,1000.00,0.045151,215.11,0.000000,1005.00
48.350,1004.00,-79.95,0.411356,1000.00,0.058992,225.98,0.000000,1005.00
48.400,1003.96,-79.95,0.411356,1000.00,0.042862,225.51,0.000000,1005.00
48.450,1003.95,-79.95,0.411356,1000.00,0.042990,226.52,0.000000,1005.00
48.500,1003.96,-79.95,0.411356,1000.00,0.062541,226.90,0.000000,1005.00
48.550,1004.08,-79.95,0.411356,1000.00,0.044410,230.43,0.000000,1005.00
48.600,1004.25,-79.95,0.411349,1000.00,0.135145,234.33,0.000000,1005.00
48.650,1003.65,-79.95,0.411342,1000.00,0.103238,216.91,0.000000,1005.00
48.700,1003.51,-79.95,0.411345,1000.00,0.084512,212.37,0.000000,1005.00
48.750,1003.84,-79.95,0.411355,1000.00,0.143504,222.47,0.000000,1005.00
48.800,1003.76,-79.95,0.411354,1000.00,0.034474,219.69,0.000000,1005.00
48.850,1003.51,-79.95,0.411345,1000.00,0.134602,213.33,0.000000,1005.00
48.900,1003.70,-79.95,0.411352,1000.00,0.106236,217.79,0.000000,1005.00
48.950,1004.08,-79.95,0.411356,1000.00,0.091471,227.53,0.000000,1005.00
49.000,1004.06,-79.95,0.411348,1000.00,0.139948,229.23,0.000000,1005.00
49.050,1004.11,-79.95,0.411348,1000.00,0.067369,229.01,0.000000,1005.00
49.100,1004.15,-79.95,0.411357,1000.00,0.145856,226.97,0.000000,1005.00
49.150,1003.93,-79.95,0.411357,1000.00,0.085511,220.55,0.000000,1005.00
49.200,1003.82,-79.95,0.411356,1000.00,0.069997,220.17,0.000000,1005.00
49.250,1004.01,-79.95,0.411356,1000.00,0.048736,226.56,0.000000,1005.00
49.300,1003.89,-79.95,0.411356,1000.00,0.049942,225.28,0.000000,1005.00
49.350,1003.74,-79.95,0.411356,1000.00,0.050605,222.48,0.000000,1005.00
49.400,1003.79,-79.95,0.411356,1000.00,0.045457,221.71,0.000000,1005.00
49.450,1003.83,-79.95,0.411356,1000.00,0.029055,223.96,0.000000,1005.00
49.500,1003.90,-79.95,0.411356,1000.00,0.047627,225.03,0.000000,1005.00
49.550,1003.80,-79.95,0.411356,1000.00,0.051959,221.24,0.000000,1005.00
49.600,1003.74,-79.95,0.411356,1000.00,0.050204,219.70,0.000000,1005.00
49.650,1004.00,-79.95,0.411356,1000.00,0.048166,225.37,0.000000,1005.00
49.700,1004.05,-79.95,0.411356,1000.00,0.029820,226.09,0.000000,1005.00
49.750,1003.92,-79.95,0.411356,1000.00,0.028417,225.33,0.000000,1005.00
49.800,1004.05,-79.95,0.411356,1000.00,0.031957,228.82,0.000000,1005.00
49.850,1003.83,-79.95,0.411356,1000.00,0.028426,218.37,0.000000,1005.00
49.900,1003.72,-79.95,0.411356,1000.00,0.029108,216.05,0.000000,1005.00
49.950,1003.69,-79.95,0.411356,1000.00,0.029652,217.11,0.000000,1005.00
50.000,1003.77,-79.95,0.411356,1000.00,0.029082,218.97,0.000000,1005.00
50.050,1003.78,-79.95,0.411356,1000.00,0.027161,218.85,0.000000,1005.00
50.100,1003.54,-79.95,0.411356,1000.00,0.026483,213.03,0.000000,1005.00
50.150,1003.46,-79.95,0.411356,1000.00,0.026903,210.76,0.000000,1005.00
50.200,1003.68,-79.95,0.411356,1000.00,0.027070,219.50,0.000000,1005.00
50.250,1003.62,-79.95,0.411356,1000.00,0.029727,216.36,0.000000,1005.00
50.300,1003.58,-79.95,0.411356,1000.00,0.024592,212.13,0.000000,1005.00
50.350,1003.36,-79.95,0.411356,1000.00,0.027917,202.95,0.000000,1005.00
50.400,1003.35,-79.95,0.411356,1000.00,0.028229,205.03,0.000000,1005.00
50.450,1003.91,-79.95,0.411356,1000.00,0.030445,223.52,0.000000,1005.00
50.500,1004.32,-79.95,0.411356,1000.00,0.030129,231.84,0.000000,1005.00
50.550,1004.16,-79.95,0.411356,1000.00,0.029173,229.30,0.000000,1005.00
50.600,1004.04,-79.95,0.411356,1000.00,0.032370,228.88,0.000000,1005.00
50.650,1003.86,-79.95,0.411356,1000.00,0.061611,223.58,0.000000,1005.00
50.700,1003.94,-79.95,0.411356,1000.00,0.038248,223.94,0.000000,1005.00
50.750,1003.82,-79.95,0.411356,1000.00,0.063202,220.47,0.000000,1005.00
50.800,1003.61,-79.95,0.411356,1000.00,0.032001,215.38,0.000000,1005.00
50.850,1003.57,-79.95,0.411356,1000.00,0.027997,214.04,0.000000,1005.00
50.900,1004.08,-79.95,0.411356,1000.00,0.031413,224.68,0.000000,1005.00
50.950,1004.25,-79.95,0.411356,1000.00,0.029810,228.11,0.000000,1005.00
51.000,1004.17,-79.95,0.411356,1000.00,0.030211,228.50,0.000000,1005.00
51.050,1004.11,-79.95,0.411356,1000.00,0.028478,228.10,0.000000,1005.00
51.100,1003.84,-79.95,0.411356,1000.00,0.028246,221.86,0.000000,1005.00
51.150,1003.95,-79.95,0.411356,1000.00,0.027067,224.75,0.000000,1005.00
51.200,1004.04,-79.95,0.411355,1000.00,0.052723,225.96,0.000000,1005.00
51.250,1003.78,-79.95,0.411347,1000.00,0.142161,217.85,0.000000,1005.00
51.300,1003.84,-79.95,0.411349,1000.00,0.070554,220.56,0.000000,1005.00
51.350,1003.88,-79.95,0.411356,1000.00,0.136404,221.65,0.000000,1005.00
51.400,1003.78,-79.95,0.411356,1000.00,0.065357,219.46,0.000000,1005.00
51.450,1003.61,-79.95,0.411356,1000.00,0.031591,212.48,0.000000,1005.00
51.500,1003.71,-79.95,0.411352,1000.00,0.108278,218.11,0.000000,1005.00
51.550,1003.83,-79.95,0.411345,1000.00,0.102009,224.40,0.000000,1005.00
51.600,1003.93,-79.95,0.411354,1000.00,0.128545,225.29,0.000000,1005.00
51.650,1003.69,-79.95,0.411356,1000.00,0.083054,218.04,0.000000,1005.00
51.700,1003.75,-79.95,0.411356,1000.00,0.029034,219.96,0.000000,1005.00
51.750,1003.94,-79.95,0.411356,1000.00,0.097233,223.92,0.000000,1005.00
51.800,1003.92,-79.95,0.411358,1000.00,0.086722,223.08,0.000000,1005.00
51.850,1003.95,-79.95,0.411357,1000.00,0.079562,225.57,0.000000,1005.00
51.900,1004.34,-79.95,0.411356,1000.00,0.104550,234.58,0.000000,1005.00
51.950,1004.04,-79.95,0.411356,1000.00,0.033247,227.13,0.000000,1005.00
52.000,1003.50,-79.95,0.411356,1000.00,0.030212,211.89,0.000000,1005.00
52.050,1003.50,-79.95,0.411356,1000.00,0.026664,212.68,0.000000,1005.00
52.100,1003.75,-79.95,0.411356,1000.00,0.025862,221.85,0.000000,1005.00
52.150,1003.72,-79.95,0.411356,1000.00,0.085225,220.89,0.000000,1005.00
52.200,1003.46,-79.95,0.411357,1000.00,0.070826,211.82,0.000000,1005.00
52.250,1003.39,-79.95,0.411357,1000.00,0.084539,211.74,0.000000,1005.00
52.300,1003.44,-79.95,0.411356,1000.00,0.062103,211.31,0.000000,1005.00
52.350,1003.57,-79.95,0.411356,1000.00,0.025632,214.61,0.000000,1005.00
52.400,1003.62,-79.95,0.411356,1000.00,0.026866,218.07,0.000000,1005.00
52.450,1003.53,-79.95,0.411356,1000.00,0.034890,213.65,0.000000,1005.00
52.500,1003.84,-79.95,0.411356,1000.00,0.061165,222.41,0.000000,1005.00
52.550,1003.88,-79.95,0.411356,1000.00,0.038932,222.81,0.000000,1005.00
52.600,1004.18,-79.95,0.411356,1000.00,0.059984,230.73,0.000000,1005.00
52.650,1004.45,-79.95,0.411356,1000.00,0.030609,238.22,0.000000,1005.00
52.700,1003.92,-79.95,0.411356,1000.00,0.028917,222.03,0.000000,1005.00
52.750,1003.59,-79.95,0.411352,1000.00,0.113267,212.51,0.000000,1005.00
52.800,1003.35,-79.95,0.411345,1000.00,0.094232,206.93,0.000000,1005.00
52.850,1003.40,-79.95,0.411352,1000.00,0.106365,209.61,0.000000,1005.00
52.900,1003.55,-79.95,0.411345,1000.00,0.119922,213.07,0.000000,1005.00
52.950,1003.77,-79.95,0.411353,1000.00,0.116809,219.78,0.000000,1005.00
53.000,1004.10,-79.95,0.411356,1000.00,0.114129,229.90,0.000000,1005.00
53.050,1004.11,-79.95,0.411356,1000.00,0.037793,228.58,0.000000,1005.00
53.100,1003.60,-79.95,0.411356,1000.00,0.029853,211.77,0.000000,1005.00
53.150,1003.73,-79.95,0.411356,1000.00,0.030200,217.39,0.000000,1005.00
53.200,1003.75,-79.95,0.411356,1000.00,0.028161,217.57,0.000000,1005.00
53.250,1003.84,-79.95,0.411356,1000.00,0.031621,221.05,0.000000,1005.00
53.300,1003.77,-79.95,0.411350,1000.00,0.130193,219.66,0.000000,1005.00
53.350,1003.48,-79.95,0.411346,1000.00,0.053530,211.69,0.000000,1005.00
53.400,1003.66,-79.95,0.411351,1000.00,0.076294,215.83,0.000000,1005.00
53.450,1003.68,-79.95,0.411345,1000.00,0.086000,216.12,0.000000,1005.00
53.500,1003.87,-79.95,0.411349,1000.00,0.089479,222.19,0.000000,1005.00
53.550,1003.83,-79.95,0.411346,1000.00,0.125540,221.68,0.000000,1005.00
53.600,1003.79,-79.95,0.411356,1000.00,0.147661,219.29,0.000000,1005.00
53.650,1003.78,-79.95,0.411356,1000.00,0.114879,219.23,0.000000,1005.00
53.700,1003.76,-79.95,0.411356,1000.00,0.088097,219.50,0.000000,1005.00
53.750,1004.18,-79.95,0.411357,1000.00,0.060441,231.17,0.000000,1005.00
53.800,1004.01,-79.95,0.411356,1000.00,0.098345,227.98,0.000000,1005.00
53.850,1003.96,-79.95,0.411356,1000.00,0.041604,228.87,0.000000,1005.00
53.900,1004.10,-79.95,0.411356,1000.00,0.027165,231.92,0.000000,1005.00
53.950,1003.87,-79.95,0.411356,1000.00,0.031230,223.85,0.000000,1005.00
54.000,1003.90,-79.95,0.411356,1000.00,0.029836,222.98,0.000000,1005.00
54.050,1003.83,-79.95,0.411356,1000.00,0.048089,223.76,0.000000,1005.00
54.100,1003.57,-79.95,0.411356,1000.00,0.050649,217.93,0.000000,1005.00
54.150,1003.51,-79.95,0.411353,1000.00,0.111947,212.75,0.000000,1005.00
54.200,1003.77,-79.95,0.411345,1000.00,0.114018,218.91,0.000000,1005.00
54.250,1003.63,-79.95,0.411354,1000.00,0.123254,213.88,0.000000,1005.00
54.300,1003.84,-79.95,0.411356,1000.00,0.089203,218.67,0.000000,1005.00
54.350,1004.24,-79.95,0.411354,1000.00,0.159732,231.39,0.000000,1005.00
54.400,1003.80,-79.95,0.411336,1000.00,0.324095,221.56,0.000000,1005.00
54.450,1003.72,-79.95,0.411347,1000.00,0.184602,221.81,0.000000,1005.00
54.500,1003.75,-79.95,0.411356,1000.00,0.301084,222.14,0.000000,1005.00
54.550,1003.97,-79.95,0.411356,1000.00,0.051830,223.29,0.000000,1005.00
54.600,1004.07,-79.95,0.411356,1000.00,0.027192,224.12,0.000000,1005.00
54.650,1003.81,-79.95,0.411356,1000.00,0.030643,221.45,0.000000,1005.00
54.700,1003.71,-79.95,0.411356,1000.00,0.029216,219.31,0.000000,1005.00
54.750,1003.95,-79.95,0.411356,1000.00,0.029670,223.31,0.000000,1005.00
54.800,1003.88,-79.95,0.411356,1000.00,0.028296,222.88,0.000000,1005.00
54.850,1003.62,-79.95,0.411356,1000.00,0.029501,215.01,0.000000,1005.00
54.900,1003.83,-79.95,0.411356,1000.00,0.068162,220.60,0.000000,1005.00
54.950,1004.13,-79.95,0.411357,1000.00,0.083361,228.60,0.000000,1005.00
55.000,1004.12,-79.95,0.411351,1000.00,0.123364,227.85,0.000000,1005.00
55.050,1003.71,-79.95,0.411345,1000.00,0.094387,217.18,0.000000,1005.00
55.100,1003.84,-79.95,0.411353,1000.00,0.123307,222.38,0.000000,1005.00
55.150,1004.46,-79.95,0.411345,1000.00,0.129107,235.61,0.000000,1005.00
55.200,1004.42,-79.95,0.411352,1000.00,0.092513,235.34,0.000000,1005.00
55.250,1004.13,-79.95,0.411356,1000.00,0.114281,231.45,0.000000,1005.00
55.300,1004.00,-79.95,0.411353,1000.00,0.141313,227.60,0.000000,1005.00
55.350,1003.69,-79.95,0.411335,1000.00,0.278804,219.32,0.000000,1005.00
55.400,1003.82,-79.95,0.411346,1000.00,0.163141,221.46,0.000000,1005.00
55.450,1003.83,-79.95,0.411356,1000.00,0.248220,218.07,0.000000,1005.00
55.500,1004.00,-79.95,0.411356,1000.00,0.032792,224.42,0.000000,1005.00
55.550,1003.85,-79.95,0.411355,1000.00,0.064674,220.58,0.000000,1005.00
55.600,1003.55,-79.95,0.411346,1000.00,0.138872,211.29,0.000000,1005.00
55.650,1003.53,-79.95,0.411344,1000.00,0.080920,210.51,0.000000,1005.00
55.700,1003.82,-79.95,0.411337,1000.00,0.145129,220.07,0.000000,1005.00
55.750,1003.81,-79.95,0.411348,1000.00,0.128173,220.86,0.000000,1005.00
55.800,1003.65,-79.95,0.411356,1000.00,0.145404,218.31,0.000000,1005.00
55.850,1003.79,-79.95,0.411356,1000.00,0.062603,221.49,0.000000,1005.00
55.900,1003.83,-79.95,0.411356,1000.00,0.032475,223.08,0.000000,1005.00
55.950,1003.68,-79.95,0.411356,1000.00,0.055064,218.70,0.000000,1005.00
56.000,1003.75,-79.95,0.411356,1000.00,0.057243,217.63,0.000000,1005.00
56.050,1003.71,-79.95,0.411357,1000.00,0.075490,217.02,0.000000,1005.00
56.100,1003.52,-79.95,0.411357,1000.00,0.076199,211.12,0.000000,1005.00
56.150,1003.54,-79.95,0.411356,1000.00,0.087615,209.27,0.000000,1005.00
56.200,1003.58,-79.95,0.411356,1000.00,0.027744,212.16,0.000000,1005.00
56.250,1004.06,-79.95,0.411355,1000.00,0.075063,226.01,0.000000,1005.00
56.300,1004.42,-79.95,0.411345,1000.00,0.135928,235.11,0.000000,1005.00
56.350,1004.47,-79.95,0.411351,1000.00,0.085374,235.66,0.000000,1005.00
56.400,1004.15,-79.95,0.411356,1000.00,0.117697,227.78,0.000000,1005.00
56.450,1003.86,-79.95,0.411356,1000.00,0.030136,222.74,0.000000,1005.00
56.500,1003.81,-79.95,0.411356,1000.00,0.030034,222.34,0.000000,1005.00
56.550,1003.82,-79.95,0.411356,1000.00,0.028541,220.12,0.000000,1005.00
56.600,1003.94,-79.95,0.411356,1000.00,0.043423,222.21,0.000000,1005.00
56.650,1003.63,-79.95,0.411356,1000.00,0.056745,215.07,0.000000,1005.00
56.700,1003.74,-79.95,0.411356,1000.00,0.045789,220.16,0.000000,1005.00
56.750,1003.80,-79.95,0.411356,1000.00,0.053608,220.39,0.000000,1005.00
56.800,1003.63,-79.95,0.411350,1000.00,0.157589,216.49,0.000000,1005.00
56.850,1003.76,-79.95,0.411347,1000.00,0.089232,220.36,0.000000,1005.00
56.900,1003.82,-79.95,0.411355,1000.00,0.166179,220.24,0.000000,1005.00
56.950,1003.56,-79.95,0.411356,1000.00,0.055234,213.68,0.000000,1005.00
57.000,1003.67,-79.95,0.411349,1000.00,0.135585,217.28,0.000000,1005.00
57.050,1003.88,-79.95,0.411347,1000.00,0.038670,224.28,0.000000,1005.00
57.100,1004.31,-79.95,0.411356,1000.00,0.142993,235.68,0.000000,1005.00
57.150,1004.29,-79.95,0.411356,1000.00,0.048871,233.05,0.000000,1005.00
57.200,1004.19,-79.95,0.411356,1000.00,0.031769,229.61,0.000000,1005.00
57.250,1004.37,-79.95,0.411356,1000.00,0.030300,233.81,0.000000,1005.00
57.300,1004.07,-79.95,0.411356,1000.00,0.030043,228.18,0.000000,1005.00
57.350,1003.65,-79.95,0.411351,1000.00,0.121586,216.01,0.000000,1005.00
57.400,1003.71,-79.95,0.411345,1000.00,0.079232,217.85,0.000000,1005.00
57.450,1003.34,-79.95,0.411355,1000.00,0.137521,206.62,0.000000,1005.00
57.500,1003.28,-79.95,0.411356,1000.00,0.082100,204.01,0.000000,1005.00
57.550,1003.53,-79.95,0.411356,1000.00,0.047322,213.41,0.000000,1005.00
57.600,1003.46,-79.95,0.411356,1000.00,0.085699,210.23,0.000000,1005.00
57.650,1003.53,-79.95,0.411357,1000.00,0.064428,211.28,0.000000,1005.00
57.700,1003.76,-79.95,0.411351,1000.00,0.128757,219.19,0.000000,1005.00
57.750,1003.95,-79.95,0.411346,1000.00,0.082948,223.71,0.000000,1005.00
57.800,1003.98,-79.95,0.411355,1000.00,0.147254,225.28,0.000000,1005.00
57.850,1003.55,-79.95,0.411356,1000.00,0.068776,214.79,0.000000,1005.00
57.900,1003.55,-79.95,0.411355,1000.00,0.081849,214.04,0.000000,1005.00
57.950,1003.57,-79.95,0.411346,1000.00,0.142374,214.30,0.000000,1005.00
58.000,1003.66,-79.95,0.411350,1000.00,0.081610,217.65,0.000000,1005.00
58.050,1003.75,-79.95,0.411357,1000.00,0.130153,220.81,0.000000,1005.00
58.100,1003.82,-79.95,0.411356,1000.00,0.093658,221.37,0.000000,1005.00
58.150,1003.49,-79.95,0.411356,1000.00,0.076168,211.31,0.000000,1005.00
58.200,1003.70,-79.95,0.411357,1000.00,0.061440,219.31,0.000000,1005.00
58.250,1003.96,-79.95,0.411356,1000.00,0.097229,226.38,0.000000,1005.00
58.300,1003.82,-79.95,0.411356,1000.00,0.041735,222.33,0.000000,1005.00
58.350,1003.53,-79.95,0.411356,1000.00,0.092897,215.15,0.000000,1005.00
58.400,1003.75,-79.95,0.411357,1000.00,0.073185,221.02,0.000000,1005.00
58.450,1004.24,-79.95,0.411357,1000.00,0.091113,235.35,0.000000,1005.00
58.500,1004.14,-79.95,0.411354,1000.00,0.105523,230.53,0.000000,1005.00
58.550,1003.94,-79.95,0.411346,1000.00,0.135721,222.34,0.000000,1005.00
58.600,1004.28,-79.95,0.411353,1000.00,0.136581,232.04,0.000000,1005.00
58.650,1003.99,-79.95,0.411356,1000.00,0.108662,223.52,0.000000,1005.00
58.700,1003.53,-79.95,0.411356,1000.00,0.030791,211.80,0.000000,1005.00
58.750,1003.37,-79.95,0.411356,1000.00,0.066870,210.84,0.000000,1005.00
58.800,1003.29,-79.95,0.411349,1000.00,0.154949,206.68,0.000000,1005.00
58.850,1003.80,-79.95,0.411340,1000.00,0.137029,221.53,0.000000,1005.00
58.900,1004.21,-79.95,0.411347,1000.00,0.112952,233.53,0.000000,1005.00
58.950,1003.92,-79.95,0.411356,1000.00,0.149691,225.52,0.000000,1005.00
59.000,1003.60,-79.95,0.411357,1000.00,0.078086,216.37,0.000000,1005.00
59.050,1003.83,-79.95,0.411357,1000.00,0.088142,222.08,0.000000,1005.00
59.100,1003.82,-79.95,0.411356,1000.00,0.074370,220.68,0.000000,1005.00
59.150,1003.96,-79.95,0.411356,1000.00,0.058083,224.44,0.000000,1005.00
59.200,1004.27,-79.95,0.411355,1000.00,0.069706,234.61,0.000000,1005.00
59.250,1004.10,-79.95,0.411345,1000.00,0.148038,229.05,0.000000,1005.00
59.300,1003.76,-79.95,0.411351,1000.00,0.079220,222.04,0.000000,1005.00
59.350,1003.62,-79.95,0.411356,1000.00,0.132472,220.00,0.000000,1005.00
59.400,1003.52,-79.95,0.411356,1000.00,0.033889,215.64,0.000000,1005.00
59.450,1003.64,-79.95,0.411356,1000.00,0.059361,220.39,0.000000,1005.00
59.500,1003.44,-79.95,0.411356,1000.00,0.039491,212.88,0.000000,1005.00
59.550,1003.49,-79.95,0.411356,1000.00,0.040583,212.02,0.000000,1005.00
59.600,1003.48,-79.95,0.411356,1000.00,0.089465,207.90,0.000000,1005.00
59.650,1003.26,-79.95,0.411357,1000.00,0.068789,203.15,0.000000,1005.00
59.700,1003.40,-79.95,0.411356,1000.00,0.082031,210.88,0.000000,1005.00
59.750,1003.84,-79.95,0.411356,1000.00,0.052978,223.05,0.000000,1005.00
59.800,1003.91,-79.95,0.411356,1000.00,0.062019,221.51,0.000000,1005.00
59.850,1003.54,-79.95,0.411350,1000.00,0.198820,210.58,0.000000,1005.00
59.900,1003.78,-79.95,0.411344,1000.00,0.130106,221.07,0.000000,1005.00
59.950,1089.03,-78.49,0.410914,1000.00,125.342949,888.89,0.000000,1005.00
60.000,1238.66,-76.04,0.363692,1000.00,925.626831,1439.71,0.000002,1150.00

=== STATISTIKEN ===

Feature,Minimum,Maximum,Durchschnitt
Spektral Centroid (Hz),1003.02,1238.66,1004.48
Power (dB),-79.95,-76.04,-79.94
Energy,0.19,0.41,0.41
Peak Frequenz (Hz),1000.00,1000.00,1000.00
Spectral Flux,0.00,1402.50,2.92
Bandbreite (Hz),196.34,1439.71,225.82
Spectral Flatness,0.00,0.00,0.00
Spectral Rolloff (Hz),1005.00,1235.00,1005.41
