change_ms,change_s,from,to,segment_index,block_ms,source_pos_ms
43,0.043,A,B,1,43,0
86,0.086,B,A,2,11,42.64
97,0.097,A,B,3,11,42.64
108,0.108,B,A,4,48,53.3
156,0.156,A,B,5,48,53.3
204,0.204,B,A,6,5,101.27
209,0.209,A,B,7,5,101.27
214,0.214,B,A,8,5,106.6
219,0.219,A,B,9,5,106.6
224,0.224,B,A,10,48,111.92999999999999
272,0.272,A,B,11,48,111.92999999999999
320,0.32,B,A,12,32,159.89999999999998
352,0.352,A,B,13,32,159.89999999999998
384,0.384,B,A,14,43,191.87999999999997
427,0.427,A,B,15,43,191.87999999999997
470,0.47,B,A,16,5,234.51999999999998
475,0.475,A,B,17,5,234.51999999999998
480,0.48,B,A,18,27,239.85
507,0.507,A,B,19,27,239.85
534,0.534,B,A,20,5,266.5
539,0.539,A,B,21,5,266.5
544,0.544,B,A,22,16,271.83
560,0.56,A,B,23,16,271.83
576,0.576,B,A,24,21,287.82
597,0.597,A,B,25,21,287.82
618,0.618,B,A,26,16,309.14
634,0.634,A,B,27,16,309.14
650,0.65,B,A,28,27,325.13
677,0.677,A,B,29,27,325.13
704,0.704,B,A,30,27,351.78
731,0.731,A,B,31,27,351.78
758,0.758,B,A,32,5,378.42999999999995
763,0.763,A,B,33,5,378.42999999999995
768,0.768,B,A,34,48,383.75999999999993
816,0.816,A,B,35,48,383.75999999999993
864,0.864,B,A,36,27,431.7299999999999
891,0.891,A,B,37,27,431.7299999999999
918,0.918,B,A,38,43,458.3799999999999
961,0.961,A,B,39,43,458.3799999999999
1004,1.004,B,A,40,5,501.01999999999987
1009,1.009,A,B,41,5,501.01999999999987
1014,1.014,B,A,42,48,506.34999999999985
1062,1.062,A,B,43,48,506.34999999999985
1110,1.11,B,A,44,27,554.3199999999998
1137,1.137,A,B,45,27,554.3199999999998
1164,1.164,B,A,46,16,580.9699999999998
1180,1.18,A,B,47,16,580.9699999999998
1196,1.196,B,A,48,32,596.9599999999998
1228,1.228,A,B,49,32,596.9599999999998
1260,1.26,B,A,50,27,628.9399999999998
1287,1.287,A,B,51,27,628.9399999999998
1314,1.314,B,A,52,11,655.5899999999998
1325,1.325,A,B,53,11,655.5899999999998
1336,1.336,B,A,54,16,666.2499999999998
1352,1.352,A,B,55,16,666.2499999999998
1368,1.368,B,A,56,32,682.2399999999998
1400,1.4,A,B,57,32,682.2399999999998
1432,1.432,B,A,58,5,714.2199999999998
1437,1.437,A,B,59,5,714.2199999999998
1442,1.442,B,A,60,27,719.5499999999998
1469,1.469,A,B,61,27,719.5499999999998
1496,1.496,B,A,62,43,746.1999999999998
1539,1.539,A,B,63,43,746.1999999999998
1582,1.582,B,A,64,43,788.8399999999998
1625,1.625,A,B,65,43,788.8399999999998
1668,1.668,B,A,66,16,831.4799999999998
1684,1.684,A,B,67,16,831.4799999999998
1700,1.7,B,A,68,21,847.4699999999998
1721,1.721,A,B,69,21,847.4699999999998
1742,1.742,B,A,70,21,868.7899999999998
1763,1.763,A,B,71,21,868.7899999999998
1784,1.784,B,A,72,43,890.1099999999999
1827,1.827,A,B,73,43,890.1099999999999
1870,1.87,B,A,74,16,932.7499999999999
1886,1.886,A,B,75,16,932.7499999999999
1902,1.902,B,A,76,27,948.7399999999999
1929,1.929,A,B,77,27,948.7399999999999
1956,1.956,B,A,78,43,975.3899999999999
1999,1.999,A,B,79,43,975.3899999999999
2042,2.042,B,A,80,21,1018.0299999999999
2063,2.063,A,B,81,21,1018.0299999999999
2084,2.084,B,A,82,43,1039.35
2127,2.127,A,B,83,43,1039.35
2170,2.17,B,A,84,21,1081.99
2191,2.191,A,B,85,21,1081.99
2212,2.212,B,A,86,48,1103.31
2260,2.26,A,B,87,48,1103.31
2308,2.308,B,A,88,16,1151.28
2324,2.324,A,B,89,16,1151.28
2340,2.34,B,A,90,32,1167.27
2372,2.372,A,B,91,32,1167.27
2404,2.404,B,A,92,27,1199.25
2431,2.431,A,B,93,27,1199.25
2458,2.458,B,A,94,32,1225.9
2490,2.49,A,B,95,32,1225.9
2522,2.522,B,A,96,37,1257.88
2559,2.559,A,B,97,37,1257.88
2596,2.596,B,A,98,37,1295.19
2633,2.633,A,B,99,37,1295.19
2670,2.67,B,A,100,21,1332.5
2691,2.691,A,B,101,21,1332.5
2712,2.712,B,A,102,43,1353.82
2755,2.755,A,B,103,43,1353.82
2798,2.798,B,A,104,37,1396.46
2835,2.835,A,B,105,37,1396.46
2872,2.872,B,A,106,48,1433.77
2920,2.92,A,B,107,48,1433.77
2968,2.968,B,A,108,21,1481.74
2989,2.989,A,B,109,21,1481.74
3010,3.01,B,A,110,5,1503.06
3015,3.015,A,B,111,5,1503.06
3020,3.02,B,A,112,11,1508.3899999999999
3031,3.031,A,B,113,11,1508.3899999999999
3042,3.042,B,A,114,16,1519.05
3058,3.058,A,B,115,16,1519.05
3074,3.074,B,A,116,27,1535.04
3101,3.101,A,B,117,27,1535.04
3128,3.128,B,A,118,32,1561.69
3160,3.16,A,B,119,32,1561.69
3192,3.192,B,A,120,37,1593.67
3229,3.229,A,B,121,37,1593.67
3266,3.266,B,A,122,5,1630.98
3271,3.271,A,B,123,5,1630.98
3276,3.276,B,A,124,27,1636.31
3303,3.303,A,B,125,27,1636.31
3330,3.33,B,A,126,21,1662.96
3351,3.351,A,B,127,21,1662.96
3372,3.372,B,A,128,11,1684.28
3383,3.383,A,B,129,11,1684.28
3394,3.394,B,A,130,21,1694.94
3415,3.415,A,B,131,21,1694.94
3436,3.436,B,A,132,43,1716.26
3479,3.479,A,B,133,43,1716.26
3522,3.522,B,A,134,21,1758.9
3543,3.543,A,B,135,21,1758.9
3564,3.564,B,A,136,43,1780.22
3607,3.607,A,B,137,43,1780.22
3650,3.65,B,A,138,5,1822.8600000000001
3655,3.655,A,B,139,5,1822.8600000000001
3660,3.66,B,A,140,48,1828.19
3708,3.708,A,B,141,48,1828.19
3756,3.756,B,A,142,11,1876.16
3767,3.767,A,B,143,11,1876.16
3778,3.778,B,A,144,48,1886.8200000000002
3826,3.826,A,B,145,48,1886.8200000000002
3874,3.874,B,A,146,5,1934.7900000000002
3879,3.879,A,B,147,5,1934.7900000000002
3884,3.884,B,A,148,32,1940.1200000000001
3916,3.916,A,B,149,32,1940.1200000000001
3948,3.948,B,A,150,48,1972.1000000000001
3996,3.996,A,B,151,48,1972.1000000000001
4044,4.044,B,A,152,5,2020.0700000000002
4049,4.049,A,B,153,5,2020.0700000000002
4054,4.054,B,A,154,5,2025.4
4059,4.059,A,B,155,5,2025.4
4064,4.064,B,A,156,16,2030.73
4080,4.08,A,B,157,16,2030.73
4096,4.096,B,A,158,11,2046.72
4107,4.107,A,B,159,11,2046.72
4118,4.118,B,A,160,16,2057.38
4134,4.134,A,B,161,16,2057.38
4150,4.15,B,A,162,27,2073.37
4177,4.177,A,B,163,27,2073.37
4204,4.204,B,A,164,37,2100.02
4241,4.241,A,B,165,37,2100.02
4278,4.278,B,A,166,32,2137.33
4310,4.31,A,B,167,32,2137.33
4342,4.342,B,A,168,21,2169.31
4363,4.363,A,B,169,21,2169.31
4384,4.384,B,A,170,5,2190.63
4389,4.389,A,B,171,5,2190.63
4394,4.394,B,A,172,48,2195.96
4442,4.442,A,B,173,48,2195.96
4490,4.49,B,A,174,21,2243.93
4511,4.511,A,B,175,21,2243.93
4532,4.532,B,A,176,37,2265.25
4569,4.569,A,B,177,37,2265.25
4606,4.606,B,A,178,37,2302.56
4643,4.643,A,B,179,37,2302.56
4680,4.68,B,A,180,16,2339.87
4696,4.696,A,B,181,16,2339.87
4712,4.712,B,A,182,16,2355.8599999999997
4728,4.728,A,B,183,16,2355.8599999999997
4744,4.744,B,A,184,16,2371.8499999999995
4760,4.76,A,B,185,16,2371.8499999999995
4776,4.776,B,A,186,16,2387.8399999999992
4792,4.792,A,B,187,16,2387.8399999999992
4808,4.808,B,A,188,21,2403.829999999999
4829,4.829,A,B,189,21,2403.829999999999
4850,4.85,B,A,190,37,2425.149999999999
4887,4.887,A,B,191,37,2425.149999999999
4924,4.924,B,A,192,48,2462.459999999999
4972,4.972,A,B,193,48,2462.459999999999
5020,5.02,B,A,194,48,2510.429999999999
5068,5.068,A,B,195,48,2510.429999999999
5116,5.116,B,A,196,5,2558.3999999999987
5121,5.121,A,B,197,5,2558.3999999999987
5126,5.126,B,A,198,21,2563.7299999999987
5147,5.147,A,B,199,21,2563.7299999999987
5168,5.168,B,A,200,27,2585.049999999999
5195,5.195,A,B,201,27,2585.049999999999
5222,5.222,B,A,202,16,2611.699999999999
5238,5.238,A,B,203,16,2611.699999999999
5254,5.254,B,A,204,27,2627.6899999999987
5281,5.281,A,B,205,27,2627.6899999999987
5308,5.308,B,A,206,32,2654.339999999999
5340,5.34,A,B,207,32,2654.339999999999
5372,5.372,B,A,208,37,2686.319999999999
5409,5.409,A,B,209,37,2686.319999999999
5446,5.446,B,A,210,43,2723.6299999999987
5489,5.489,A,B,211,43,2723.6299999999987
5532,5.532,B,A,212,48,2766.2699999999986
5580,5.58,A,B,213,48,2766.2699999999986
5628,5.628,B,A,214,32,2814.2399999999984
5660,5.66,A,B,215,32,2814.2399999999984
5692,5.692,B,A,216,11,2846.2199999999984
5703,5.703,A,B,217,11,2846.2199999999984
5714,5.714,B,A,218,37,2856.8799999999983
5751,5.751,A,B,219,37,2856.8799999999983
5788,5.788,B,A,220,5,2894.1899999999982
5793,5.793,A,B,221,5,2894.1899999999982
5798,5.798,B,A,222,27,2899.519999999998
5825,5.825,A,B,223,27,2899.519999999998
5852,5.852,B,A,224,37,2926.1699999999983
5889,5.889,A,B,225,37,2926.1699999999983
5926,5.926,B,A,226,11,2963.479999999998
5937,5.937,A,B,227,11,2963.479999999998
5948,5.948,B,A,228,27,2974.139999999998
5975,5.975,A,B,229,27,2974.139999999998
6002,6.002,B,A,230,32,3000.789999999998
6034,6.034,A,B,231,32,3000.789999999998
6066,6.066,B,A,232,43,3032.769999999998
6109,6.109,A,B,233,43,3032.769999999998
6152,6.152,B,A,234,43,3075.409999999998
6195,6.195,A,B,235,43,3075.409999999998
6238,6.238,B,A,236,48,3118.049999999998
6286,6.286,A,B,237,48,3118.049999999998
6334,6.334,B,A,238,37,3166.0199999999977
6371,6.371,A,B,239,37,3166.0199999999977
6408,6.408,B,A,240,11,3203.3299999999977
6419,6.419,A,B,241,11,3203.3299999999977
6430,6.43,B,A,242,5,3213.9899999999975
6435,6.435,A,B,243,5,3213.9899999999975
6440,6.44,B,A,244,21,3219.3199999999974
6461,6.461,A,B,245,21,3219.3199999999974
6482,6.482,B,A,246,5,3240.6399999999976
6487,6.487,A,B,247,5,3240.6399999999976
6492,6.492,B,A,248,43,3245.9699999999975
6535,6.535,A,B,249,43,3245.9699999999975
6578,6.578,B,A,250,32,3288.6099999999974
6610,6.61,A,B,251,32,3288.6099999999974
6642,6.642,B,A,252,27,3320.5899999999974
6669,6.669,A,B,253,27,3320.5899999999974
6696,6.696,B,A,254,48,3347.2399999999975
6744,6.744,A,B,255,48,3347.2399999999975
6792,6.792,B,A,256,37,3395.2099999999973
6829,6.829,A,B,257,37,3395.2099999999973
6866,6.866,B,A,258,32,3432.5199999999973
6898,6.898,A,B,259,32,3432.5199999999973
6930,6.93,B,A,260,48,3464.4999999999973
6978,6.978,A,B,261,48,3464.4999999999973
7026,7.026,B,A,262,43,3512.469999999997
7069,7.069,A,B,263,43,3512.469999999997
7112,7.112,B,A,264,48,3555.109999999997
7160,7.16,A,B,265,48,3555.109999999997
7208,7.208,B,A,266,43,3603.0799999999967
7251,7.251,A,B,267,43,3603.0799999999967
7294,7.294,B,A,268,16,3645.7199999999966
7310,7.31,A,B,269,16,3645.7199999999966
7326,7.326,B,A,270,16,3661.7099999999964
7342,7.342,A,B,271,16,3661.7099999999964
7358,7.358,B,A,272,21,3677.699999999996
7379,7.379,A,B,273,21,3677.699999999996
7400,7.4,B,A,274,11,3699.0199999999963
7411,7.411,A,B,275,11,3699.0199999999963
7422,7.422,B,A,276,21,3709.679999999996
7443,7.443,A,B,277,21,3709.679999999996
7464,7.464,B,A,278,11,3730.9999999999964
7475,7.475,A,B,279,11,3730.9999999999964
7486,7.486,B,A,280,32,3741.659999999996
7518,7.518,A,B,281,32,3741.659999999996
7550,7.55,B,A,282,16,3773.6399999999962
7566,7.566,A,B,283,16,3773.6399999999962
7582,7.582,B,A,284,16,3789.629999999996
7598,7.598,A,B,285,16,3789.629999999996
7614,7.614,B,A,286,37,3805.619999999996
7651,7.651,A,B,287,37,3805.619999999996
7688,7.688,B,A,288,16,3842.9299999999957
7704,7.704,A,B,289,16,3842.9299999999957
7720,7.72,B,A,290,16,3858.9199999999955
7736,7.736,A,B,291,16,3858.9199999999955
7752,7.752,B,A,292,11,3874.9099999999953
7763,7.763,A,B,293,11,3874.9099999999953
7774,7.774,B,A,294,37,3885.569999999995
7811,7.811,A,B,295,37,3885.569999999995
7848,7.848,B,A,296,43,3922.879999999995
7891,7.891,A,B,297,43,3922.879999999995
7934,7.934,B,A,298,11,3965.519999999995
7945,7.945,A,B,299,11,3965.519999999995
7956,7.956,B,A,300,27,3976.179999999995
7983,7.983,A,B,301,27,3976.179999999995
8010,8.01,B,A,302,11,4002.829999999995
8021,8.021,A,B,303,11,4002.829999999995
8032,8.032,B,A,304,48,4013.489999999995
8080,8.08,A,B,305,48,4013.489999999995
8128,8.128,B,A,306,43,4061.4599999999946
8171,8.171,A,B,307,43,4061.4599999999946
8214,8.214,B,A,308,32,4104.099999999995
8246,8.246,A,B,309,32,4104.099999999995
8278,8.278,B,A,310,21,4136.0799999999945
8299,8.299,A,B,311,21,4136.0799999999945
8320,8.32,B,A,312,5,4157.399999999994
8325,8.325,A,B,313,5,4157.399999999994
8330,8.33,B,A,314,37,4162.729999999994
8367,8.367,A,B,315,37,4162.729999999994
8404,8.404,B,A,316,16,4200.0399999999945
8420,8.42,A,B,317,16,4200.0399999999945
8436,8.436,B,A,318,11,4216.029999999994
8447,8.447,A,B,319,11,4216.029999999994
8458,8.458,B,A,320,11,4226.689999999994
8469,8.469,A,B,321,11,4226.689999999994
8480,8.48,B,A,322,16,4237.349999999994
8496,8.496,A,B,323,16,4237.349999999994
8512,8.512,B,A,324,16,4253.339999999994
8528,8.528,A,B,325,16,4253.339999999994
8544,8.544,B,A,326,48,4269.329999999994
8592,8.592,A,B,327,48,4269.329999999994
8640,8.64,B,A,328,11,4317.299999999994
8651,8.651,A,B,329,11,4317.299999999994
8662,8.662,B,A,330,48,4327.959999999994
8710,8.71,A,B,331,48,4327.959999999994
8758,8.758,B,A,332,37,4375.929999999994
8795,8.795,A,B,333,37,4375.929999999994
8832,8.832,B,A,334,43,4413.239999999994
8875,8.875,A,B,335,43,4413.239999999994
8918,8.918,B,A,336,11,4455.879999999995
8929,8.929,A,B,337,11,4455.879999999995
8940,8.94,B,A,338,5,4466.5399999999945
8945,8.945,A,B,339,5,4466.5399999999945
8950,8.95,B,A,340,5,4471.869999999994
8955,8.955,A,B,341,5,4471.869999999994
8960,8.96,B,A,342,27,4477.199999999994
8987,8.987,A,B,343,27,4477.199999999994
9014,9.014,B,A,344,48,4503.849999999994
9062,9.062,A,B,345,48,4503.849999999994
9110,9.11,B,A,346,5,4551.819999999994
9115,9.115,A,B,347,5,4551.819999999994
9120,9.12,B,A,348,27,4557.149999999994
9147,9.147,A,B,349,27,4557.149999999994
9174,9.174,B,A,350,21,4583.799999999994
9195,9.195,A,B,351,21,4583.799999999994
9216,9.216,B,A,352,11,4605.1199999999935
9227,9.227,A,B,353,11,4605.1199999999935
9238,9.238,B,A,354,37,4615.779999999993
9275,9.275,A,B,355,37,4615.779999999993
9312,9.312,B,A,356,37,4653.089999999994
9349,9.349,A,B,357,37,4653.089999999994
9386,9.386,B,A,358,43,4690.399999999994
9429,9.429,A,B,359,43,4690.399999999994
9472,9.472,B,A,360,5,4733.0399999999945
9477,9.477,A,B,361,5,4733.0399999999945
9482,9.482,B,A,362,11,4738.369999999994
9493,9.493,A,B,363,11,4738.369999999994
9504,9.504,B,A,364,27,4749.029999999994
9531,9.531,A,B,365,27,4749.029999999994
9558,9.558,B,A,366,37,4775.679999999994
9595,9.595,A,B,367,37,4775.679999999994
9632,9.632,B,A,368,21,4812.989999999994
9653,9.653,A,B,369,21,4812.989999999994
9674,9.674,B,A,370,11,4834.309999999994
9685,9.685,A,B,371,11,4834.309999999994
9696,9.696,B,A,372,32,4844.969999999994
9728,9.728,A,B,373,32,4844.969999999994
9760,9.76,B,A,374,37,4876.949999999993
9797,9.797,A,B,375,37,4876.949999999993
9834,9.834,B,A,376,37,4914.259999999994
9871,9.871,A,B,377,37,4914.259999999994
9908,9.908,B,A,378,37,4951.569999999994
9945,9.945,A,B,379,37,4951.569999999994
9982,9.982,B,A,380,16,4988.879999999995
9998,9.998,A,B,381,16,4988.879999999995
10014,10.014,B,A,382,11,5004.869999999994
10025,10.025,A,B,383,11,5004.869999999994
10036,10.036,B,A,384,11,5015.529999999994
10047,10.047,A,B,385,11,5015.529999999994
10058,10.058,B,A,386,27,5026.189999999994
10085,10.085,A,B,387,27,5026.189999999994
10112,10.112,B,A,388,11,5052.839999999994
10123,10.123,A,B,389,11,5052.839999999994
10134,10.134,B,A,390,43,5063.499999999994
10177,10.177,A,B,391,43,5063.499999999994
10220,10.22,B,A,392,21,5106.139999999994
10241,10.241,A,B,393,21,5106.139999999994
10262,10.262,B,A,394,48,5127.459999999994
10310,10.31,A,B,395,48,5127.459999999994
10358,10.358,B,A,396,48,5175.429999999994
10406,10.406,A,B,397,48,5175.429999999994
10454,10.454,B,A,398,43,5223.399999999994
10497,10.497,A,B,399,43,5223.399999999994
10540,10.54,B,A,400,43,5266.0399999999945
10583,10.583,A,B,401,43,5266.0399999999945
10626,10.626,B,A,402,11,5308.679999999995
10637,10.637,A,B,403,11,5308.679999999995
10648,10.648,B,A,404,48,5319.339999999995
10696,10.696,A,B,405,48,5319.339999999995
10744,10.744,B,A,406,32,5367.309999999995
10776,10.776,A,B,407,32,5367.309999999995
10808,10.808,B,A,408,16,5399.2899999999945
10824,10.824,A,B,409,16,5399.2899999999945
10840,10.84,B,A,410,37,5415.279999999994
10877,10.877,A,B,411,37,5415.279999999994
10914,10.914,B,A,412,21,5452.589999999995
10935,10.935,A,B,413,21,5452.589999999995
10956,10.956,B,A,414,43,5473.909999999994
10999,10.999,A,B,415,43,5473.909999999994
11042,11.042,B,A,416,43,5516.549999999995
11085,11.085,A,B,417,43,5516.549999999995
11128,11.128,B,A,418,11,5559.189999999995
11139,11.139,A,B,419,11,5559.189999999995
11150,11.15,B,A,420,21,5569.849999999995
11171,11.171,A,B,421,21,5569.849999999995
11192,11.192,B,A,422,16,5591.169999999995
11208,11.208,A,B,423,16,5591.169999999995
11224,11.224,B,A,424,32,5607.159999999994
11256,11.256,A,B,425,32,5607.159999999994
11288,11.288,B,A,426,32,5639.139999999994
11320,11.32,A,B,427,32,5639.139999999994
11352,11.352,B,A,428,16,5671.1199999999935
11368,11.368,A,B,429,16,5671.1199999999935
11384,11.384,B,A,430,37,5687.109999999993
11421,11.421,A,B,431,37,5687.109999999993
11458,11.458,B,A,432,37,5724.419999999994
11495,11.495,A,B,433,37,5724.419999999994
11532,11.532,B,A,434,16,5761.729999999994
11548,11.548,A,B,435,16,5761.729999999994
11564,11.564,B,A,436,21,5777.719999999994
11585,11.585,A,B,437,21,5777.719999999994
11606,11.606,B,A,438,16,5799.039999999994
11622,11.622,A,B,439,16,5799.039999999994
11638,11.638,B,A,440,21,5815.029999999993
11659,11.659,A,B,441,21,5815.029999999993
11680,11.68,B,A,442,5,5836.349999999993
11685,11.685,A,B,443,5,5836.349999999993
11690,11.69,B,A,444,27,5841.679999999993
11717,11.717,A,B,445,27,5841.679999999993
11744,11.744,B,A,446,27,5868.329999999993
11771,11.771,A,B,447,27,5868.329999999993
11798,11.798,B,A,448,37,5894.979999999992
11835,11.835,A,B,449,37,5894.979999999992
11872,11.872,B,A,450,37,5932.289999999993
11909,11.909,A,B,451,37,5932.289999999993
11946,11.946,B,A,452,16,5969.599999999993
11962,11.962,A,B,453,16,5969.599999999993
11978,11.978,B,A,454,16,5985.589999999993
11994,11.994,A,B,455,16,5985.589999999993
12010,12.01,B,A,456,27,6001.579999999993
12037,12.037,A,B,457,27,6001.579999999993
12064,12.064,B,A,458,43,6028.229999999992
12107,12.107,A,B,459,43,6028.229999999992
12150,12.15,B,A,460,5,6070.869999999993
12155,12.155,A,B,461,5,6070.869999999993
12160,12.16,B,A,462,37,6076.1999999999925
12197,12.197,A,B,463,37,6076.1999999999925
12234,12.234,B,A,464,27,6113.509999999993
12261,12.261,A,B,465,27,6113.509999999993
12288,12.288,B,A,466,16,6140.159999999993
12304,12.304,A,B,467,16,6140.159999999993
12320,12.32,B,A,468,43,6156.149999999992
12363,12.363,A,B,469,43,6156.149999999992
12406,12.406,B,A,470,16,6198.789999999993
12422,12.422,A,B,471,16,6198.789999999993
12438,12.438,B,A,472,21,6214.7799999999925
12459,12.459,A,B,473,21,6214.7799999999925
12480,12.48,B,A,474,37,6236.099999999992
12517,12.517,A,B,475,37,6236.099999999992
12554,12.554,B,A,476,5,6273.409999999993
12559,12.559,A,B,477,5,6273.409999999993
12564,12.564,B,A,478,32,6278.7399999999925
12596,12.596,A,B,479,32,6278.7399999999925
12628,12.628,B,A,480,43,6310.719999999992
12671,12.671,A,B,481,43,6310.719999999992
12714,12.714,B,A,482,43,6353.359999999992
12757,12.757,A,B,483,43,6353.359999999992
12800,12.8,B,A,484,27,6395.999999999993
12827,12.827,A,B,485,27,6395.999999999993
12854,12.854,B,A,486,5,6422.649999999992
12859,12.859,A,B,487,5,6422.649999999992
12864,12.864,B,A,488,37,6427.979999999992
12901,12.901,A,B,489,37,6427.979999999992
12938,12.938,B,A,490,37,6465.289999999993
12975,12.975,A,B,491,37,6465.289999999993
13012,13.012,B,A,492,43,6502.599999999993
13055,13.055,A,B,493,43,6502.599999999993
13098,13.098,B,A,494,21,6545.239999999993
13119,13.119,A,B,495,21,6545.239999999993
13140,13.14,B,A,496,43,6566.559999999993
13183,13.183,A,B,497,43,6566.559999999993
13226,13.226,B,A,498,11,6609.199999999993
13237,13.237,A,B,499,11,6609.199999999993
13248,13.248,B,A,500,21,6619.859999999993
13269,13.269,A,B,501,21,6619.859999999993
13290,13.29,B,A,502,43,6641.179999999993
13333,13.333,A,B,503,43,6641.179999999993
13376,13.376,B,A,504,32,6683.819999999993
13408,13.408,A,B,505,32,6683.819999999993
13440,13.44,B,A,506,11,6715.799999999993
13451,13.451,A,B,507,11,6715.799999999993
13462,13.462,B,A,508,11,6726.459999999993
13473,13.473,A,B,509,11,6726.459999999993
13484,13.484,B,A,510,43,6737.119999999993
13527,13.527,A,B,511,43,6737.119999999993
13570,13.57,B,A,512,16,6779.759999999993
13586,13.586,A,B,513,16,6779.759999999993
13602,13.602,B,A,514,27,6795.749999999993
13629,13.629,A,B,515,27,6795.749999999993
13656,13.656,B,A,516,21,6822.399999999992
13677,13.677,A,B,517,21,6822.399999999992
13698,13.698,B,A,518,27,6843.719999999992
13725,13.725,A,B,519,27,6843.719999999992
13752,13.752,B,A,520,37,6870.369999999992
13789,13.789,A,B,521,37,6870.369999999992
13826,13.826,B,A,522,43,6907.679999999992
13869,13.869,A,B,523,43,6907.679999999992
13912,13.912,B,A,524,21,6950.319999999992
13933,13.933,A,B,525,21,6950.319999999992
13954,13.954,B,A,526,43,6971.639999999992
13997,13.997,A,B,527,43,6971.639999999992
14040,14.04,B,A,528,11,7014.2799999999925
14051,14.051,A,B,529,11,7014.2799999999925
14062,14.062,B,A,530,48,7024.939999999992
14110,14.11,A,B,531,48,7024.939999999992
14158,14.158,B,A,532,27,7072.909999999993
14185,14.185,A,B,533,27,7072.909999999993
14212,14.212,B,A,534,16,7099.559999999992
14228,14.228,A,B,535,16,7099.559999999992
14244,14.244,B,A,536,43,7115.549999999992
14287,14.287,A,B,537,43,7115.549999999992
14330,14.33,B,A,538,11,7158.189999999992
14341,14.341,A,B,539,11,7158.189999999992
14352,14.352,B,A,540,43,7168.849999999992
14395,14.395,A,B,541,43,7168.849999999992
14438,14.438,B,A,542,48,7211.4899999999925
14486,14.486,A,B,543,48,7211.4899999999925
14534,14.534,B,A,544,5,7259.459999999993
14539,14.539,A,B,545,5,7259.459999999993
14544,14.544,B,A,546,5,7264.789999999993
14549,14.549,A,B,547,5,7264.789999999993
14554,14.554,B,A,548,48,7270.119999999993
14602,14.602,A,B,549,48,7270.119999999993
14650,14.65,B,A,550,16,7318.089999999993
14666,14.666,A,B,551,16,7318.089999999993
14682,14.682,B,A,552,11,7334.079999999993
14693,14.693,A,B,553,11,7334.079999999993
14704,14.704,B,A,554,16,7344.7399999999925
14720,14.72,A,B,555,16,7344.7399999999925
14736,14.736,B,A,556,21,7360.729999999992
14757,14.757,A,B,557,21,7360.729999999992
14778,14.778,B,A,558,11,7382.049999999992
14789,14.789,A,B,559,11,7382.049999999992
14800,14.8,B,A,560,43,7392.709999999992
14843,14.843,A,B,561,43,7392.709999999992
14886,14.886,B,A,562,37,7435.349999999992
14923,14.923,A,B,563,37,7435.349999999992
14960,14.96,B,A,564,32,7472.659999999993
14992,14.992,A,B,565,32,7472.659999999993
15024,15.024,B,A,566,27,7504.639999999992
15051,15.051,A,B,567,27,7504.639999999992
15078,15.078,B,A,568,48,7531.289999999992
15126,15.126,A,B,569,48,7531.289999999992
15174,15.174,B,A,570,16,7579.259999999992
15190,15.19,A,B,571,16,7579.259999999992
15206,15.206,B,A,572,27,7595.249999999992
15233,15.233,A,B,573,27,7595.249999999992
15260,15.26,B,A,574,21,7621.899999999991
15281,15.281,A,B,575,21,7621.899999999991
15302,15.302,B,A,576,11,7643.219999999991
15313,15.313,A,B,577,11,7643.219999999991
15324,15.324,B,A,578,48,7653.879999999991
15372,15.372,A,B,579,48,7653.879999999991
15420,15.42,B,A,580,21,7701.849999999991
15441,15.441,A,B,581,21,7701.849999999991
15462,15.462,B,A,582,21,7723.169999999991
15483,15.483,A,B,583,21,7723.169999999991
15504,15.504,B,A,584,5,7744.489999999991
15509,15.509,A,B,585,5,7744.489999999991
15514,15.514,B,A,586,21,7749.819999999991
15535,15.535,A,B,587,21,7749.819999999991
15556,15.556,B,A,588,48,7771.13999999999
15604,15.604,A,B,589,48,7771.13999999999
15652,15.652,B,A,590,32,7819.109999999991
15684,15.684,A,B,591,32,7819.109999999991
15716,15.716,B,A,592,48,7851.08999999999
15764,15.764,A,B,593,48,7851.08999999999
15812,15.812,B,A,594,5,7899.05999999999
15817,15.817,A,B,595,5,7899.05999999999
15822,15.822,B,A,596,32,7904.38999999999
15854,15.854,A,B,597,32,7904.38999999999
15886,15.886,B,A,598,21,7936.36999999999
15907,15.907,A,B,599,21,7936.36999999999
15928,15.928,B,A,600,11,7957.68999999999
15939,15.939,A,B,601,11,7957.68999999999
15950,15.95,B,A,602,37,7968.349999999989
15987,15.987,A,B,603,37,7968.349999999989
16024,16.024,B,A,604,21,8005.65999999999
16045,16.045,A,B,605,21,8005.65999999999
16066,16.066,B,A,606,27,8026.97999999999
16093,16.093,A,B,607,27,8026.97999999999
16120,16.12,B,A,608,21,8053.629999999989
16141,16.141,A,B,609,21,8053.629999999989
16162,16.162,B,A,610,21,8074.949999999989
16183,16.183,A,B,611,21,8074.949999999989
16204,16.204,B,A,612,11,8096.269999999989
16215,16.215,A,B,613,11,8096.269999999989
16226,16.226,B,A,614,48,8106.9299999999885
16274,16.274,A,B,615,48,8106.9299999999885
16322,16.322,B,A,616,32,8154.899999999989
16354,16.354,A,B,617,32,8154.899999999989
16386,16.386,B,A,618,11,8186.879999999988
16397,16.397,A,B,619,11,8186.879999999988
16408,16.408,B,A,620,32,8197.539999999988
16440,16.44,A,B,621,32,8197.539999999988
16472,16.472,B,A,622,32,8229.519999999988
16504,16.504,A,B,623,32,8229.519999999988
16536,16.536,B,A,624,27,8261.499999999987
16563,16.563,A,B,625,27,8261.499999999987
16590,16.59,B,A,626,11,8288.149999999987
16601,16.601,A,B,627,11,8288.149999999987
16612,16.612,B,A,628,11,8298.809999999987
16623,16.623,A,B,629,11,8298.809999999987
16634,16.634,B,A,630,5,8309.469999999987
16639,16.639,A,B,631,5,8309.469999999987
16644,16.644,B,A,632,5,8314.799999999987
16649,16.649,A,B,633,5,8314.799999999987
16654,16.654,B,A,634,21,8320.129999999986
16675,16.675,A,B,635,21,8320.129999999986
16696,16.696,B,A,636,43,8341.449999999986
16739,16.739,A,B,637,43,8341.449999999986
16782,16.782,B,A,638,27,8384.089999999986
16809,16.809,A,B,639,27,8384.089999999986
16836,16.836,B,A,640,11,8410.739999999985
16847,16.847,A,B,641,11,8410.739999999985
16858,16.858,B,A,642,43,8421.399999999985
16901,16.901,A,B,643,43,8421.399999999985
16944,16.944,B,A,644,5,8464.039999999985
16949,16.949,A,B,645,5,8464.039999999985
16954,16.954,B,A,646,27,8469.369999999984
16981,16.981,A,B,647,27,8469.369999999984
17008,17.008,B,A,648,27,8496.019999999984
17035,17.035,A,B,649,27,8496.019999999984
17062,17.062,B,A,650,37,8522.669999999984
17099,17.099,A,B,651,37,8522.669999999984
17136,17.136,B,A,652,32,8559.979999999983
17168,17.168,A,B,653,32,8559.979999999983
17200,17.2,B,A,654,11,8591.959999999983
17211,17.211,A,B,655,11,8591.959999999983
17222,17.222,B,A,656,43,8602.619999999983
17265,17.265,A,B,657,43,8602.619999999983
17308,17.308,B,A,658,5,8645.259999999982
17313,17.313,A,B,659,5,8645.259999999982
17318,17.318,B,A,660,43,8650.589999999982
17361,17.361,A,B,661,43,8650.589999999982
17404,17.404,B,A,662,21,8693.229999999981
17425,17.425,A,B,663,21,8693.229999999981
17446,17.446,B,A,664,11,8714.549999999981
17457,17.457,A,B,665,11,8714.549999999981
17468,17.468,B,A,666,37,8725.209999999981
17505,17.505,A,B,667,37,8725.209999999981
17542,17.542,B,A,668,16,8762.51999999998
17558,17.558,A,B,669,16,8762.51999999998
17574,17.574,B,A,670,16,8778.50999999998
17590,17.59,A,B,671,16,8778.50999999998
17606,17.606,B,A,672,37,8794.49999999998
17643,17.643,A,B,673,37,8794.49999999998
17680,17.68,B,A,674,32,8831.80999999998
17712,17.712,A,B,675,32,8831.80999999998
17744,17.744,B,A,676,11,8863.789999999979
17755,17.755,A,B,677,11,8863.789999999979
17766,17.766,B,A,678,32,8874.449999999979
17798,17.798,A,B,679,32,8874.449999999979
17830,17.83,B,A,680,48,8906.429999999978
17878,17.878,A,B,681,48,8906.429999999978
17926,17.926,B,A,682,5,8954.399999999978
17931,17.931,A,B,683,5,8954.399999999978
17936,17.936,B,A,684,16,8959.729999999978
17952,17.952,A,B,685,16,8959.729999999978
17968,17.968,B,A,686,5,8975.719999999978
17973,17.973,A,B,687,5,8975.719999999978
17978,17.978,B,A,688,11,8981.049999999977
17989,17.989,A,B,689,11,8981.049999999977
18000,18.0,B,A,690,32,8991.709999999977
18032,18.032,A,B,691,32,8991.709999999977
18064,18.064,B,A,692,16,9023.689999999977
18080,18.08,A,B,693,16,9023.689999999977
18096,18.096,B,A,694,48,9039.679999999977
18144,18.144,A,B,695,48,9039.679999999977
18192,18.192,B,A,696,43,9087.649999999976
18235,18.235,A,B,697,43,9087.649999999976
18278,18.278,B,A,698,32,9130.289999999975
18310,18.31,A,B,699,32,9130.289999999975
18342,18.342,B,A,700,16,9162.269999999975
18358,18.358,A,B,701,16,9162.269999999975
18374,18.374,B,A,702,11,9178.259999999975
18385,18.385,A,B,703,11,9178.259999999975
18396,18.396,B,A,704,11,9188.919999999975
18407,18.407,A,B,705,11,9188.919999999975
18418,18.418,B,A,706,27,9199.579999999974
18445,18.445,A,B,707,27,9199.579999999974
18472,18.472,B,A,708,43,9226.229999999974
18515,18.515,A,B,709,43,9226.229999999974
18558,18.558,B,A,710,37,9268.869999999974
18595,18.595,A,B,711,37,9268.869999999974
18632,18.632,B,A,712,43,9306.179999999973
18675,18.675,A,B,713,43,9306.179999999973
18718,18.718,B,A,714,5,9348.819999999972
18723,18.723,A,B,715,5,9348.819999999972
18728,18.728,B,A,716,48,9354.149999999972
18776,18.776,A,B,717,48,9354.149999999972
18824,18.824,B,A,718,11,9402.119999999972
18835,18.835,A,B,719,11,9402.119999999972
18846,18.846,B,A,720,48,9412.779999999972
18894,18.894,A,B,721,48,9412.779999999972
18942,18.942,B,A,722,43,9460.74999999997
18985,18.985,A,B,723,43,9460.74999999997
19028,19.028,B,A,724,11,9503.38999999997
19039,19.039,A,B,725,11,9503.38999999997
19050,19.05,B,A,726,5,9514.04999999997
19055,19.055,A,B,727,5,9514.04999999997
19060,19.06,B,A,728,48,9519.37999999997
19108,19.108,A,B,729,48,9519.37999999997
19156,19.156,B,A,730,32,9567.34999999997
19188,19.188,A,B,731,32,9567.34999999997
19220,19.22,B,A,732,48,9599.329999999969
19268,19.268,A,B,733,48,9599.329999999969
19316,19.316,B,A,734,37,9647.299999999968
19353,19.353,A,B,735,37,9647.299999999968
19390,19.39,B,A,736,11,9684.609999999968
19401,19.401,A,B,737,11,9684.609999999968
19412,19.412,B,A,738,27,9695.269999999968
19439,19.439,A,B,739,27,9695.269999999968
19466,19.466,B,A,740,16,9721.919999999967
19482,19.482,A,B,741,16,9721.919999999967
19498,19.498,B,A,742,27,9737.909999999967
19525,19.525,A,B,743,27,9737.909999999967
19552,19.552,B,A,744,27,9764.559999999967
19579,19.579,A,B,745,27,9764.559999999967
19606,19.606,B,A,746,27,9791.209999999966
19633,19.633,A,B,747,27,9791.209999999966
19660,19.66,B,A,748,5,9817.859999999966
19665,19.665,A,B,749,5,9817.859999999966
19670,19.67,B,A,750,37,9823.189999999966
19707,19.707,A,B,751,37,9823.189999999966
19744,19.744,B,A,752,21,9860.499999999965
19765,19.765,A,B,753,21,9860.499999999965
19786,19.786,B,A,754,11,9881.819999999965
19797,19.797,A,B,755,11,9881.819999999965
19808,19.808,B,A,756,43,9892.479999999965
19851,19.851,A,B,757,43,9892.479999999965
19894,19.894,B,A,758,11,9935.119999999964
19905,19.905,A,B,759,11,9935.119999999964
19916,19.916,B,A,760,32,9945.779999999964
19948,19.948,A,B,761,32,9945.779999999964
19980,19.98,B,A,762,11,9977.759999999964
19991,19.991,A,B,763,11,9977.759999999964
20002,20.002,B,A,764,48,9988.419999999964
20050,20.05,A,B,765,48,9988.419999999964
20098,20.098,B,A,766,43,10036.389999999963
20141,20.141,A,B,767,43,10036.389999999963
20184,20.184,B,A,768,27,10079.029999999962
20211,20.211,A,B,769,27,10079.029999999962
20238,20.238,B,A,770,48,10105.679999999962
20286,20.286,A,B,771,48,10105.679999999962
20334,20.334,B,A,772,11,10153.649999999961
20345,20.345,A,B,773,11,10153.649999999961
20356,20.356,B,A,774,43,10164.309999999961
20399,20.399,A,B,775,43,10164.309999999961
20442,20.442,B,A,776,32,10206.94999999996
20474,20.474,A,B,777,32,10206.94999999996
20506,20.506,B,A,778,43,10238.92999999996
20549,20.549,A,B,779,43,10238.92999999996
20592,20.592,B,A,780,37,10281.56999999996
20629,20.629,A,B,781,37,10281.56999999996
20666,20.666,B,A,782,37,10318.87999999996
20703,20.703,A,B,783,37,10318.87999999996
20740,20.74,B,A,784,32,10356.189999999959
20772,20.772,A,B,785,32,10356.189999999959
20804,20.804,B,A,786,32,10388.169999999958
20836,20.836,A,B,787,32,10388.169999999958
20868,20.868,B,A,788,16,10420.149999999958
20884,20.884,A,B,789,16,10420.149999999958
20900,20.9,B,A,790,37,10436.139999999958
20937,20.937,A,B,791,37,10436.139999999958
20974,20.974,B,A,792,5,10473.449999999957
20979,20.979,A,B,793,5,10473.449999999957
20984,20.984,B,A,794,11,10478.779999999957
20995,20.995,A,B,795,11,10478.779999999957
21006,21.006,B,A,796,5,10489.439999999957
21011,21.011,A,B,797,5,10489.439999999957
21016,21.016,B,A,798,27,10494.769999999957
21043,21.043,A,B,799,27,10494.769999999957
21070,21.07,B,A,800,16,10521.419999999956
21086,21.086,A,B,801,16,10521.419999999956
21102,21.102,B,A,802,43,10537.409999999956
21145,21.145,A,B,803,43,10537.409999999956
21188,21.188,B,A,804,27,10580.049999999956
21215,21.215,A,B,805,27,10580.049999999956
21242,21.242,B,A,806,27,10606.699999999955
21269,21.269,A,B,807,27,10606.699999999955
21296,21.296,B,A,808,5,10633.349999999955
21301,21.301,A,B,809,5,10633.349999999955
21306,21.306,B,A,810,37,10638.679999999955
21343,21.343,A,B,811,37,10638.679999999955
21380,21.38,B,A,812,16,10675.989999999954
21396,21.396,A,B,813,16,10675.989999999954
21412,21.412,B,A,814,16,10691.979999999954
21428,21.428,A,B,815,16,10691.979999999954
21444,21.444,B,A,816,48,10707.969999999954
21492,21.492,A,B,817,48,10707.969999999954
21540,21.54,B,A,818,48,10755.939999999953
21588,21.588,A,B,819,48,10755.939999999953
21636,21.636,B,A,820,32,10803.909999999953
21668,21.668,A,B,821,32,10803.909999999953
21700,21.7,B,A,822,32,10835.889999999952
21732,21.732,A,B,823,32,10835.889999999952
21764,21.764,B,A,824,43,10867.869999999952
21807,21.807,A,B,825,43,10867.869999999952
21850,21.85,B,A,826,16,10910.509999999951
21866,21.866,A,B,827,16,10910.509999999951
21882,21.882,B,A,828,27,10926.49999999995
21909,21.909,A,B,829,27,10926.49999999995
21936,21.936,B,A,830,37,10953.14999999995
21973,21.973,A,B,831,37,10953.14999999995
22010,22.01,B,A,832,21,10990.45999999995
22031,22.031,A,B,833,21,10990.45999999995
22052,22.052,B,A,834,32,11011.77999999995
22084,22.084,A,B,835,32,11011.77999999995
22116,22.116,B,A,836,37,11043.75999999995
22153,22.153,A,B,837,37,11043.75999999995
22190,22.19,B,A,838,21,11081.069999999949
22211,22.211,A,B,839,21,11081.069999999949
22232,22.232,B,A,840,21,11102.389999999948
22253,22.253,A,B,841,21,11102.389999999948
22274,22.274,B,A,842,32,11123.709999999948
22306,22.306,A,B,843,32,11123.709999999948
22338,22.338,B,A,844,27,11155.689999999948
22365,22.365,A,B,845,27,11155.689999999948
22392,22.392,B,A,846,16,11182.339999999947
22408,22.408,A,B,847,16,11182.339999999947
22424,22.424,B,A,848,16,11198.329999999947
22440,22.44,A,B,849,16,11198.329999999947
22456,22.456,B,A,850,21,11214.319999999947
22477,22.477,A,B,851,21,11214.319999999947
22498,22.498,B,A,852,21,11235.639999999947
22519,22.519,A,B,853,21,11235.639999999947
22540,22.54,B,A,854,48,11256.959999999946
22588,22.588,A,B,855,48,11256.959999999946
22636,22.636,B,A,856,11,11304.929999999946
22647,22.647,A,B,857,11,11304.929999999946
22658,22.658,B,A,858,11,11315.589999999946
22669,22.669,A,B,859,11,11315.589999999946
22680,22.68,B,A,860,21,11326.249999999945
22701,22.701,A,B,861,21,11326.249999999945
22722,22.722,B,A,862,11,11347.569999999945
22733,22.733,A,B,863,11,11347.569999999945
22744,22.744,B,A,864,32,11358.229999999945
22776,22.776,A,B,865,32,11358.229999999945
22808,22.808,B,A,866,27,11390.209999999945
22835,22.835,A,B,867,27,11390.209999999945
22862,22.862,B,A,868,37,11416.859999999944
22899,22.899,A,B,869,37,11416.859999999944
22936,22.936,B,A,870,21,11454.169999999944
22957,22.957,A,B,871,21,11454.169999999944
22978,22.978,B,A,872,16,11475.489999999943
22994,22.994,A,B,873,16,11475.489999999943
23010,23.01,B,A,874,48,11491.479999999943
23058,23.058,A,B,875,48,11491.479999999943
23106,23.106,B,A,876,21,11539.449999999943
23127,23.127,A,B,877,21,11539.449999999943
23148,23.148,B,A,878,27,11560.769999999942
23175,23.175,A,B,879,27,11560.769999999942
23202,23.202,B,A,880,48,11587.419999999942
23250,23.25,A,B,881,48,11587.419999999942
23298,23.298,B,A,882,21,11635.389999999941
23319,23.319,A,B,883,21,11635.389999999941
23340,23.34,B,A,884,48,11656.709999999941
23388,23.388,A,B,885,48,11656.709999999941
23436,23.436,B,A,886,21,11704.67999999994
23457,23.457,A,B,887,21,11704.67999999994
23478,23.478,B,A,888,5,11725.99999999994
23483,23.483,A,B,889,5,11725.99999999994
23488,23.488,B,A,890,32,11731.32999999994
23520,23.52,A,B,891,32,11731.32999999994
23552,23.552,B,A,892,43,11763.30999999994
23595,23.595,A,B,893,43,11763.30999999994
23638,23.638,B,A,894,37,11805.949999999939
23675,23.675,A,B,895,37,11805.949999999939
23712,23.712,B,A,896,5,11843.259999999938
23717,23.717,A,B,897,5,11843.259999999938
23722,23.722,B,A,898,37,11848.589999999938
23759,23.759,A,B,899,37,11848.589999999938
23796,23.796,B,A,900,48,11885.899999999938
23844,23.844,A,B,901,48,11885.899999999938
23892,23.892,B,A,902,43,11933.869999999937
23935,23.935,A,B,903,43,11933.869999999937
23978,23.978,B,A,904,43,11976.509999999937
24021,24.021,A,B,905,43,11976.509999999937
24064,24.064,B,A,906,21,12019.149999999936
24085,24.085,A,B,907,21,12019.149999999936
24106,24.106,B,A,908,16,12040.469999999936
24122,24.122,A,B,909,16,12040.469999999936
24138,24.138,B,A,910,16,12056.459999999935
24154,24.154,A,B,911,16,12056.459999999935
24170,24.17,B,A,912,21,12072.449999999935
24191,24.191,A,B,913,21,12072.449999999935
24212,24.212,B,A,914,37,12093.769999999935
24249,24.249,A,B,915,37,12093.769999999935
24286,24.286,B,A,916,27,12131.079999999934
24313,24.313,A,B,917,27,12131.079999999934
24340,24.34,B,A,918,43,12157.729999999934
24383,24.383,A,B,919,43,12157.729999999934
24426,24.426,B,A,920,32,12200.369999999933
24458,24.458,A,B,921,32,12200.369999999933
24490,24.49,B,A,922,37,12232.349999999933
24527,24.527,A,B,923,37,12232.349999999933
24564,24.564,B,A,924,27,12269.659999999933
24591,24.591,A,B,925,27,12269.659999999933
24618,24.618,B,A,926,11,12296.309999999932
24629,24.629,A,B,927,11,12296.309999999932
24640,24.64,B,A,928,43,12306.969999999932
24683,24.683,A,B,929,43,12306.969999999932
24726,24.726,B,A,930,5,12349.609999999931
24731,24.731,A,B,931,5,12349.609999999931
24736,24.736,B,A,932,43,12354.939999999931
24779,24.779,A,B,933,43,12354.939999999931
24822,24.822,B,A,934,27,12397.57999999993
24849,24.849,A,B,935,27,12397.57999999993
24876,24.876,B,A,936,21,12424.22999999993
24897,24.897,A,B,937,21,12424.22999999993
24918,24.918,B,A,938,37,12445.54999999993
24955,24.955,A,B,939,37,12445.54999999993
24992,24.992,B,A,940,5,12482.85999999993
24997,24.997,A,B,941,5,12482.85999999993
25002,25.002,B,A,942,48,12488.18999999993
25050,25.05,A,B,943,48,12488.18999999993
25098,25.098,B,A,944,21,12536.159999999929
25119,25.119,A,B,945,21,12536.159999999929
25140,25.14,B,A,946,43,12557.479999999929
25183,25.183,A,B,947,43,12557.479999999929
25226,25.226,B,A,948,27,12600.119999999928
25253,25.253,A,B,949,27,12600.119999999928
25280,25.28,B,A,950,48,12626.769999999928
25328,25.328,A,B,951,48,12626.769999999928
25376,25.376,B,A,952,5,12674.739999999927
25381,25.381,A,B,953,5,12674.739999999927
25386,25.386,B,A,954,27,12680.069999999927
25413,25.413,A,B,955,27,12680.069999999927
25440,25.44,B,A,956,43,12706.719999999927
25483,25.483,A,B,957,43,12706.719999999927
25526,25.526,B,A,958,16,12749.359999999926
25542,25.542,A,B,959,16,12749.359999999926
25558,25.558,B,A,960,5,12765.349999999926
25563,25.563,A,B,961,5,12765.349999999926
25568,25.568,B,A,962,5,12770.679999999926
25573,25.573,A,B,963,5,12770.679999999926
25578,25.578,B,A,964,37,12776.009999999926
25615,25.615,A,B,965,37,12776.009999999926
25652,25.652,B,A,966,5,12813.319999999925
25657,25.657,A,B,967,5,12813.319999999925
25662,25.662,B,A,968,37,12818.649999999925
25699,25.699,A,B,969,37,12818.649999999925
25736,25.736,B,A,970,27,12855.959999999925
25763,25.763,A,B,971,27,12855.959999999925
25790,25.79,B,A,972,16,12882.609999999924
25806,25.806,A,B,973,16,12882.609999999924
25822,25.822,B,A,974,16,12898.599999999924
25838,25.838,A,B,975,16,12898.599999999924
25854,25.854,B,A,976,11,12914.589999999924
25865,25.865,A,B,977,11,12914.589999999924
25876,25.876,B,A,978,48,12925.249999999924
25924,25.924,A,B,979,48,12925.249999999924
25972,25.972,B,A,980,43,12973.219999999923
26015,26.015,A,B,981,43,12973.219999999923
26058,26.058,B,A,982,16,13015.859999999922
26074,26.074,A,B,983,16,13015.859999999922
26090,26.09,B,A,984,48,13031.849999999922
26138,26.138,A,B,985,48,13031.849999999922
26186,26.186,B,A,986,37,13079.819999999921
26223,26.223,A,B,987,37,13079.819999999921
26260,26.26,B,A,988,5,13117.129999999921
26265,26.265,A,B,989,5,13117.129999999921
26270,26.27,B,A,990,16,13122.459999999921
26286,26.286,A,B,991,16,13122.459999999921
26302,26.302,B,A,992,37,13138.44999999992
26339,26.339,A,B,993,37,13138.44999999992
26376,26.376,B,A,994,21,13175.75999999992
26397,26.397,A,B,995,21,13175.75999999992
26418,26.418,B,A,996,16,13197.07999999992
26434,26.434,A,B,997,16,13197.07999999992
26450,26.45,B,A,998,43,13213.06999999992
26493,26.493,A,B,999,43,13213.06999999992
26536,26.536,B,A,1000,43,13255.70999999992
26579,26.579,A,B,1001,43,13255.70999999992
26622,26.622,B,A,1002,27,13298.349999999919
26649,26.649,A,B,1003,27,13298.349999999919
26676,26.676,B,A,1004,37,13324.999999999918
26713,26.713,A,B,1005,37,13324.999999999918
26750,26.75,B,A,1006,16,13362.309999999918
26766,26.766,A,B,1007,16,13362.309999999918
26782,26.782,B,A,1008,27,13378.299999999917
26809,26.809,A,B,1009,27,13378.299999999917
26836,26.836,B,A,1010,48,13404.949999999917
26884,26.884,A,B,1011,48,13404.949999999917
26932,26.932,B,A,1012,43,13452.919999999916
26975,26.975,A,B,1013,43,13452.919999999916
27018,27.018,B,A,1014,16,13495.559999999916
27034,27.034,A,B,1015,16,13495.559999999916
27050,27.05,B,A,1016,16,13511.549999999916
27066,27.066,A,B,1017,16,13511.549999999916
27082,27.082,B,A,1018,16,13527.539999999915
27098,27.098,A,B,1019,16,13527.539999999915
27114,27.114,B,A,1020,27,13543.529999999915
27141,27.141,A,B,1021,27,13543.529999999915
27168,27.168,B,A,1022,27,13570.179999999915
27195,27.195,A,B,1023,27,13570.179999999915
27222,27.222,B,A,1024,32,13596.829999999914
27254,27.254,A,B,1025,32,13596.829999999914
27286,27.286,B,A,1026,21,13628.809999999914
27307,27.307,A,B,1027,21,13628.809999999914
27328,27.328,B,A,1028,37,13650.129999999914
27365,27.365,A,B,1029,37,13650.129999999914
27402,27.402,B,A,1030,21,13687.439999999913
27423,27.423,A,B,1031,21,13687.439999999913
27444,27.444,B,A,1032,16,13708.759999999913
27460,27.46,A,B,1033,16,13708.759999999913
27476,27.476,B,A,1034,16,13724.749999999913
27492,27.492,A,B,1035,16,13724.749999999913
27508,27.508,B,A,1036,5,13740.739999999912
27513,27.513,A,B,1037,5,13740.739999999912
27518,27.518,B,A,1038,37,13746.069999999912
27555,27.555,A,B,1039,37,13746.069999999912
27592,27.592,B,A,1040,48,13783.379999999912
27640,27.64,A,B,1041,48,13783.379999999912
27688,27.688,B,A,1042,27,13831.349999999911
27715,27.715,A,B,1043,27,13831.349999999911
27742,27.742,B,A,1044,32,13857.99999999991
27774,27.774,A,B,1045,32,13857.99999999991
27806,27.806,B,A,1046,43,13889.97999999991
27849,27.849,A,B,1047,43,13889.97999999991
27892,27.892,B,A,1048,43,13932.61999999991
27935,27.935,A,B,1049,43,13932.61999999991
27978,27.978,B,A,1050,43,13975.25999999991
28021,28.021,A,B,1051,43,13975.25999999991
28064,28.064,B,A,1052,27,14017.899999999909
28091,28.091,A,B,1053,27,14017.899999999909
28118,28.118,B,A,1054,11,14044.549999999908
28129,28.129,A,B,1055,11,14044.549999999908
28140,28.14,B,A,1056,5,14055.209999999908
28145,28.145,A,B,1057,5,14055.209999999908
28150,28.15,B,A,1058,32,14060.539999999908
28182,28.182,A,B,1059,32,14060.539999999908
28214,28.214,B,A,1060,32,14092.519999999908
28246,28.246,A,B,1061,32,14092.519999999908
28278,28.278,B,A,1062,32,14124.499999999907
28310,28.31,A,B,1063,32,14124.499999999907
28342,28.342,B,A,1064,21,14156.479999999907
28363,28.363,A,B,1065,21,14156.479999999907
28384,28.384,B,A,1066,5,14177.799999999907
28389,28.389,A,B,1067,5,14177.799999999907
28394,28.394,B,A,1068,5,14183.129999999906
28399,28.399,A,B,1069,5,14183.129999999906
28404,28.404,B,A,1070,16,14188.459999999906
28420,28.42,A,B,1071,16,14188.459999999906
28436,28.436,B,A,1072,5,14204.449999999906
28441,28.441,A,B,1073,5,14204.449999999906
28446,28.446,B,A,1074,27,14209.779999999906
28473,28.473,A,B,1075,27,14209.779999999906
28500,28.5,B,A,1076,5,14236.429999999906
28505,28.505,A,B,1077,5,14236.429999999906
28510,28.51,B,A,1078,11,14241.759999999906
28521,28.521,A,B,1079,11,14241.759999999906
28532,28.532,B,A,1080,27,14252.419999999905
28559,28.559,A,B,1081,27,14252.419999999905
28586,28.586,B,A,1082,37,14279.069999999905
28623,28.623,A,B,1083,37,14279.069999999905
28660,28.66,B,A,1084,32,14316.379999999905
28692,28.692,A,B,1085,32,14316.379999999905
28724,28.724,B,A,1086,11,14348.359999999904
28735,28.735,A,B,1087,11,14348.359999999904
28746,28.746,B,A,1088,48,14359.019999999904
28794,28.794,A,B,1089,48,14359.019999999904
28842,28.842,B,A,1090,11,14406.989999999903
28853,28.853,A,B,1091,11,14406.989999999903
28864,28.864,B,A,1092,16,14417.649999999903
28880,28.88,A,B,1093,16,14417.649999999903
28896,28.896,B,A,1094,27,14433.639999999903
28923,28.923,A,B,1095,27,14433.639999999903
28950,28.95,B,A,1096,21,14460.289999999903
28971,28.971,A,B,1097,21,14460.289999999903
28992,28.992,B,A,1098,16,14481.609999999902
29008,29.008,A,B,1099,16,14481.609999999902
29024,29.024,B,A,1100,11,14497.599999999902
29035,29.035,A,B,1101,11,14497.599999999902
29046,29.046,B,A,1102,16,14508.259999999902
29062,29.062,A,B,1103,16,14508.259999999902
29078,29.078,B,A,1104,37,14524.249999999902
29115,29.115,A,B,1105,37,14524.249999999902
29152,29.152,B,A,1106,21,14561.559999999901
29173,29.173,A,B,1107,21,14561.559999999901
29194,29.194,B,A,1108,11,14582.879999999901
29205,29.205,A,B,1109,11,14582.879999999901
29216,29.216,B,A,1110,11,14593.5399999999
29227,29.227,A,B,1111,11,14593.5399999999
29238,29.238,B,A,1112,48,14604.1999999999
29286,29.286,A,B,1113,48,14604.1999999999
29334,29.334,B,A,1114,11,14652.1699999999
29345,29.345,A,B,1115,11,14652.1699999999
29356,29.356,B,A,1116,43,14662.8299999999
29399,29.399,A,B,1117,43,14662.8299999999
29442,29.442,B,A,1118,11,14705.4699999999
29453,29.453,A,B,1119,11,14705.4699999999
29464,29.464,B,A,1120,43,14716.1299999999
29507,29.507,A,B,1121,43,14716.1299999999
29550,29.55,B,A,1122,27,14758.769999999899
29577,29.577,A,B,1123,27,14758.769999999899
29604,29.604,B,A,1124,21,14785.419999999898
29625,29.625,A,B,1125,21,14785.419999999898
29646,29.646,B,A,1126,43,14806.739999999898
29689,29.689,A,B,1127,43,14806.739999999898
29732,29.732,B,A,1128,21,14849.379999999897
29753,29.753,A,B,1129,21,14849.379999999897
29774,29.774,B,A,1130,21,14870.699999999897
29795,29.795,A,B,1131,21,14870.699999999897
29816,29.816,B,A,1132,32,14892.019999999897
29848,29.848,A,B,1133,32,14892.019999999897
29880,29.88,B,A,1134,27,14923.999999999896
29907,29.907,A,B,1135,27,14923.999999999896
29934,29.934,B,A,1136,21,14950.649999999896
29955,29.955,A,B,1137,21,14950.649999999896
29976,29.976,B,A,1138,16,14971.969999999896
29992,29.992,A,B,1139,16,14971.969999999896
30008,30.008,B,A,1140,5,14987.959999999895
30013,30.013,A,B,1141,5,14987.959999999895
30018,30.018,B,A,1142,43,14993.289999999895
30061,30.061,A,B,1143,43,14993.289999999895
30104,30.104,B,A,1144,43,15035.929999999895
30147,30.147,A,B,1145,43,15035.929999999895
30190,30.19,B,A,1146,5,15078.569999999894
30195,30.195,A,B,1147,5,15078.569999999894
30200,30.2,B,A,1148,27,15083.899999999894
30227,30.227,A,B,1149,27,15083.899999999894
30254,30.254,B,A,1150,43,15110.549999999894
30297,30.297,A,B,1151,43,15110.549999999894
30340,30.34,B,A,1152,5,15153.189999999893
30345,30.345,A,B,1153,5,15153.189999999893
30350,30.35,B,A,1154,37,15158.519999999893
30387,30.387,A,B,1155,37,15158.519999999893
30424,30.424,B,A,1156,27,15195.829999999893
30451,30.451,A,B,1157,27,15195.829999999893
30478,30.478,B,A,1158,48,15222.479999999892
30526,30.526,A,B,1159,48,15222.479999999892
30574,30.574,B,A,1160,11,15270.449999999892
30585,30.585,A,B,1161,11,15270.449999999892
30596,30.596,B,A,1162,37,15281.109999999891
30633,30.633,A,B,1163,37,15281.109999999891
30670,30.67,B,A,1164,27,15318.419999999891
30697,30.697,A,B,1165,27,15318.419999999891
30724,30.724,B,A,1166,16,15345.06999999989
30740,30.74,A,B,1167,16,15345.06999999989
30756,30.756,B,A,1168,43,15361.05999999989
30799,30.799,A,B,1169,43,15361.05999999989
30842,30.842,B,A,1170,48,15403.69999999989
30890,30.89,A,B,1171,48,15403.69999999989
30938,30.938,B,A,1172,16,15451.66999999989
30954,30.954,A,B,1173,16,15451.66999999989
30970,30.97,B,A,1174,16,15467.659999999889
30986,30.986,A,B,1175,16,15467.659999999889
31002,31.002,B,A,1176,11,15483.649999999889
31013,31.013,A,B,1177,11,15483.649999999889
31024,31.024,B,A,1178,21,15494.309999999889
31045,31.045,A,B,1179,21,15494.309999999889
31066,31.066,B,A,1180,32,15515.629999999888
31098,31.098,A,B,1181,32,15515.629999999888
31130,31.13,B,A,1182,27,15547.609999999888
31157,31.157,A,B,1183,27,15547.609999999888
31184,31.184,B,A,1184,43,15574.259999999887
31227,31.227,A,B,1185,43,15574.259999999887
31270,31.27,B,A,1186,21,15616.899999999887
31291,31.291,A,B,1187,21,15616.899999999887
31312,31.312,B,A,1188,27,15638.219999999887
31339,31.339,A,B,1189,27,15638.219999999887
31366,31.366,B,A,1190,27,15664.869999999886
31393,31.393,A,B,1191,27,15664.869999999886
31420,31.42,B,A,1192,37,15691.519999999886
31457,31.457,A,B,1193,37,15691.519999999886
31494,31.494,B,A,1194,21,15728.829999999885
31515,31.515,A,B,1195,21,15728.829999999885
31536,31.536,B,A,1196,5,15750.149999999885
31541,31.541,A,B,1197,5,15750.149999999885
31546,31.546,B,A,1198,27,15755.479999999885
31573,31.573,A,B,1199,27,15755.479999999885
31600,31.6,B,A,1200,37,15782.129999999885
31637,31.637,A,B,1201,37,15782.129999999885
31674,31.674,B,A,1202,16,15819.439999999884
31690,31.69,A,B,1203,16,15819.439999999884
31706,31.706,B,A,1204,11,15835.429999999884
31717,31.717,A,B,1205,11,15835.429999999884
31728,31.728,B,A,1206,37,15846.089999999884
31765,31.765,A,B,1207,37,15846.089999999884
31802,31.802,B,A,1208,27,15883.399999999883
31829,31.829,A,B,1209,27,15883.399999999883
31856,31.856,B,A,1210,21,15910.049999999883
31877,31.877,A,B,1211,21,15910.049999999883
31898,31.898,B,A,1212,21,15931.369999999883
31919,31.919,A,B,1213,21,15931.369999999883
31940,31.94,B,A,1214,11,15952.689999999882
31951,31.951,A,B,1215,11,15952.689999999882
31962,31.962,B,A,1216,11,15963.349999999882
31973,31.973,A,B,1217,11,15963.349999999882
31984,31.984,B,A,1218,27,15974.009999999882
32011,32.011,A,B,1219,27,15974.009999999882
32038,32.038,B,A,1220,43,16000.659999999882
32081,32.081,A,B,1221,43,16000.659999999882
32124,32.124,B,A,1222,16,16043.299999999881
32140,32.14,A,B,1223,16,16043.299999999881
32156,32.156,B,A,1224,43,16059.28999999988
32199,32.199,A,B,1225,43,16059.28999999988
32242,32.242,B,A,1226,11,16101.92999999988
32253,32.253,A,B,1227,11,16101.92999999988
32264,32.264,B,A,1228,16,16112.58999999988
32280,32.28,A,B,1229,16,16112.58999999988
32296,32.296,B,A,1230,43,16128.57999999988
32339,32.339,A,B,1231,43,16128.57999999988
32382,32.382,B,A,1232,48,16171.21999999988
32430,32.43,A,B,1233,48,16171.21999999988
32478,32.478,B,A,1234,37,16219.189999999879
32515,32.515,A,B,1235,37,16219.189999999879
32552,32.552,B,A,1236,32,16256.499999999878
32584,32.584,A,B,1237,32,16256.499999999878
32616,32.616,B,A,1238,5,16288.479999999878
32621,32.621,A,B,1239,5,16288.479999999878
32626,32.626,B,A,1240,32,16293.809999999878
32658,32.658,A,B,1241,32,16293.809999999878
32690,32.69,B,A,1242,21,16325.789999999877
32711,32.711,A,B,1243,21,16325.789999999877
32732,32.732,B,A,1244,43,16347.109999999877
32775,32.775,A,B,1245,43,16347.109999999877
32818,32.818,B,A,1246,43,16389.749999999876
32861,32.861,A,B,1247,43,16389.749999999876
32904,32.904,B,A,1248,5,16432.389999999876
32909,32.909,A,B,1249,5,16432.389999999876
32914,32.914,B,A,1250,27,16437.719999999877
32941,32.941,A,B,1251,27,16437.719999999877
32968,32.968,B,A,1252,27,16464.36999999988
32995,32.995,A,B,1253,27,16464.36999999988
33022,33.022,B,A,1254,32,16491.01999999988
33054,33.054,A,B,1255,32,16491.01999999988
33086,33.086,B,A,1256,32,16522.99999999988
33118,33.118,A,B,1257,32,16522.99999999988
33150,33.15,B,A,1258,21,16554.97999999988
33171,33.171,A,B,1259,21,16554.97999999988
33192,33.192,B,A,1260,21,16576.29999999988
33213,33.213,A,B,1261,21,16576.29999999988
33234,33.234,B,A,1262,48,16597.61999999988
33282,33.282,A,B,1263,48,16597.61999999988
33330,33.33,B,A,1264,43,16645.58999999988
33373,33.373,A,B,1265,43,16645.58999999988
33416,33.416,B,A,1266,21,16688.22999999988
33437,33.437,A,B,1267,21,16688.22999999988
33458,33.458,B,A,1268,43,16709.54999999988
33501,33.501,A,B,1269,43,16709.54999999988
33544,33.544,B,A,1270,32,16752.18999999988
33576,33.576,A,B,1271,32,16752.18999999988
33608,33.608,B,A,1272,48,16784.16999999988
33656,33.656,A,B,1273,48,16784.16999999988
33704,33.704,B,A,1274,5,16832.13999999988
33709,33.709,A,B,1275,5,16832.13999999988
33714,33.714,B,A,1276,32,16837.46999999988
33746,33.746,A,B,1277,32,16837.46999999988
33778,33.778,B,A,1278,5,16869.44999999988
33783,33.783,A,B,1279,5,16869.44999999988
33788,33.788,B,A,1280,48,16874.779999999882
33836,33.836,A,B,1281,48,16874.779999999882
33884,33.884,B,A,1282,16,16922.749999999884
33900,33.9,A,B,1283,16,16922.749999999884
33916,33.916,B,A,1284,11,16938.739999999885
33927,33.927,A,B,1285,11,16938.739999999885
33938,33.938,B,A,1286,37,16949.399999999885
33975,33.975,A,B,1287,37,16949.399999999885
34012,34.012,B,A,1288,5,16986.709999999886
34017,34.017,A,B,1289,5,16986.709999999886
34022,34.022,B,A,1290,16,16992.039999999888
34038,34.038,A,B,1291,16,16992.039999999888
34054,34.054,B,A,1292,5,17008.02999999989
34059,34.059,A,B,1293,5,17008.02999999989
34064,34.064,B,A,1294,11,17013.35999999989
34075,34.075,A,B,1295,11,17013.35999999989
34086,34.086,B,A,1296,48,17024.01999999989
34134,34.134,A,B,1297,48,17024.01999999989
34182,34.182,B,A,1298,32,17071.989999999892
34214,34.214,A,B,1299,32,17071.989999999892
34246,34.246,B,A,1300,37,17103.969999999892
34283,34.283,A,B,1301,37,17103.969999999892
34320,34.32,B,A,1302,5,17141.279999999893
34325,34.325,A,B,1303,5,17141.279999999893
34330,34.33,B,A,1304,27,17146.609999999895
34357,34.357,A,B,1305,27,17146.609999999895
34384,34.384,B,A,1306,32,17173.259999999897
34416,34.416,A,B,1307,32,17173.259999999897
34448,34.448,B,A,1308,48,17205.239999999896
34496,34.496,A,B,1309,48,17205.239999999896
34544,34.544,B,A,1310,48,17253.209999999897
34592,34.592,A,B,1311,48,17253.209999999897
34640,34.64,B,A,1312,11,17301.1799999999
34651,34.651,A,B,1313,11,17301.1799999999
34662,34.662,B,A,1314,37,17311.8399999999
34699,34.699,A,B,1315,37,17311.8399999999
34736,34.736,B,A,1316,11,17349.1499999999
34747,34.747,A,B,1317,11,17349.1499999999
34758,34.758,B,A,1318,43,17359.8099999999
34801,34.801,A,B,1319,43,17359.8099999999
34844,34.844,B,A,1320,11,17402.4499999999
34855,34.855,A,B,1321,11,17402.4499999999
34866,34.866,B,A,1322,21,17413.1099999999
34887,34.887,A,B,1323,21,17413.1099999999
34908,34.908,B,A,1324,27,17434.4299999999
34935,34.935,A,B,1325,27,17434.4299999999
34962,34.962,B,A,1326,43,17461.0799999999
35005,35.005,A,B,1327,43,17461.0799999999
35048,35.048,B,A,1328,11,17503.7199999999
35059,35.059,A,B,1329,11,17503.7199999999
35070,35.07,B,A,1330,5,17514.3799999999
35075,35.075,A,B,1331,5,17514.3799999999
35080,35.08,B,A,1332,43,17519.7099999999
35123,35.123,A,B,1333,43,17519.7099999999
35166,35.166,B,A,1334,43,17562.3499999999
35209,35.209,A,B,1335,43,17562.3499999999
35252,35.252,B,A,1336,43,17604.9899999999
35295,35.295,A,B,1337,43,17604.9899999999
35338,35.338,B,A,1338,43,17647.6299999999
35381,35.381,A,B,1339,43,17647.6299999999
35424,35.424,B,A,1340,32,17690.2699999999
35456,35.456,A,B,1341,32,17690.2699999999
35488,35.488,B,A,1342,43,17722.249999999898
35531,35.531,A,B,1343,43,17722.249999999898
35574,35.574,B,A,1344,37,17764.889999999898
35611,35.611,A,B,1345,37,17764.889999999898
35648,35.648,B,A,1346,43,17802.1999999999
35691,35.691,A,B,1347,43,17802.1999999999
35734,35.734,B,A,1348,27,17844.8399999999
35761,35.761,A,B,1349,27,17844.8399999999
35788,35.788,B,A,1350,27,17871.4899999999
35815,35.815,A,B,1351,27,17871.4899999999
35842,35.842,B,A,1352,5,17898.1399999999
35847,35.847,A,B,1353,5,17898.1399999999
35852,35.852,B,A,1354,5,17903.469999999903
35857,35.857,A,B,1355,5,17903.469999999903
35862,35.862,B,A,1356,5,17908.799999999905
35867,35.867,A,B,1357,5,17908.799999999905
35872,35.872,B,A,1358,5,17914.129999999906
35877,35.877,A,B,1359,5,17914.129999999906
35882,35.882,B,A,1360,43,17919.459999999908
35925,35.925,A,B,1361,43,17919.459999999908
35968,35.968,B,A,1362,43,17962.099999999908
36011,36.011,A,B,1363,43,17962.099999999908
36054,36.054,B,A,1364,5,18004.739999999907
36059,36.059,A,B,1365,5,18004.739999999907
36064,36.064,B,A,1366,5,18010.06999999991
36069,36.069,A,B,1367,5,18010.06999999991
36074,36.074,B,A,1368,27,18015.39999999991
36101,36.101,A,B,1369,27,18015.39999999991
36128,36.128,B,A,1370,48,18042.049999999912
36176,36.176,A,B,1371,48,18042.049999999912
36224,36.224,B,A,1372,16,18090.019999999913
36240,36.24,A,B,1373,16,18090.019999999913
36256,36.256,B,A,1374,37,18106.009999999915
36293,36.293,A,B,1375,37,18106.009999999915
36330,36.33,B,A,1376,5,18143.319999999916
36335,36.335,A,B,1377,5,18143.319999999916
36340,36.34,B,A,1378,32,18148.649999999918
36372,36.372,A,B,1379,32,18148.649999999918
36404,36.404,B,A,1380,43,18180.629999999917
36447,36.447,A,B,1381,43,18180.629999999917
36490,36.49,B,A,1382,11,18223.269999999917
36501,36.501,A,B,1383,11,18223.269999999917
36512,36.512,B,A,1384,21,18233.929999999917
36533,36.533,A,B,1385,21,18233.929999999917
36554,36.554,B,A,1386,48,18255.249999999916
36602,36.602,A,B,1387,48,18255.249999999916
36650,36.65,B,A,1388,21,18303.219999999917
36671,36.671,A,B,1389,21,18303.219999999917
36692,36.692,B,A,1390,27,18324.539999999917
36719,36.719,A,B,1391,27,18324.539999999917
36746,36.746,B,A,1392,11,18351.18999999992
36757,36.757,A,B,1393,11,18351.18999999992
36768,36.768,B,A,1394,11,18361.84999999992
36779,36.779,A,B,1395,11,18361.84999999992
36790,36.79,B,A,1396,32,18372.50999999992
36822,36.822,A,B,1397,32,18372.50999999992
36854,36.854,B,A,1398,43,18404.489999999918
36897,36.897,A,B,1399,43,18404.489999999918
36940,36.94,B,A,1400,48,18447.129999999917
36988,36.988,A,B,1401,48,18447.129999999917
37036,37.036,B,A,1402,32,18495.09999999992
37068,37.068,A,B,1403,32,18495.09999999992
37100,37.1,B,A,1404,5,18527.079999999918
37105,37.105,A,B,1405,5,18527.079999999918
37110,37.11,B,A,1406,32,18532.40999999992
37142,37.142,A,B,1407,32,18532.40999999992
37174,37.174,B,A,1408,5,18564.38999999992
37179,37.179,A,B,1409,5,18564.38999999992
37184,37.184,B,A,1410,37,18569.71999999992
37221,37.221,A,B,1411,37,18569.71999999992
37258,37.258,B,A,1412,27,18607.029999999922
37285,37.285,A,B,1413,27,18607.029999999922
37312,37.312,B,A,1414,11,18633.679999999924
37323,37.323,A,B,1415,11,18633.679999999924
37334,37.334,B,A,1416,37,18644.339999999924
37371,37.371,A,B,1417,37,18644.339999999924
37408,37.408,B,A,1418,27,18681.649999999925
37435,37.435,A,B,1419,27,18681.649999999925
37462,37.462,B,A,1420,16,18708.299999999927
37478,37.478,A,B,1421,16,18708.299999999927
37494,37.494,B,A,1422,43,18724.289999999928
37537,37.537,A,B,1423,43,18724.289999999928
37580,37.58,B,A,1424,16,18766.929999999928
37596,37.596,A,B,1425,16,18766.929999999928
37612,37.612,B,A,1426,32,18782.91999999993
37644,37.644,A,B,1427,32,18782.91999999993
37676,37.676,B,A,1428,37,18814.89999999993
37713,37.713,A,B,1429,37,18814.89999999993
37750,37.75,B,A,1430,21,18852.20999999993
37771,37.771,A,B,1431,21,18852.20999999993
37792,37.792,B,A,1432,27,18873.52999999993
37819,37.819,A,B,1433,27,18873.52999999993
37846,37.846,B,A,1434,43,18900.17999999993
37889,37.889,A,B,1435,43,18900.17999999993
37932,37.932,B,A,1436,16,18942.81999999993
37948,37.948,A,B,1437,16,18942.81999999993
37964,37.964,B,A,1438,37,18958.809999999932
38001,38.001,A,B,1439,37,18958.809999999932
38038,38.038,B,A,1440,43,18996.119999999933
38081,38.081,A,B,1441,43,18996.119999999933
38124,38.124,B,A,1442,5,19038.759999999933
38129,38.129,A,B,1443,5,19038.759999999933
38134,38.134,B,A,1444,32,19044.089999999935
38166,38.166,A,B,1445,32,19044.089999999935
38198,38.198,B,A,1446,21,19076.069999999934
38219,38.219,A,B,1447,21,19076.069999999934
38240,38.24,B,A,1448,37,19097.389999999934
38277,38.277,A,B,1449,37,19097.389999999934
38314,38.314,B,A,1450,21,19134.699999999935
38335,38.335,A,B,1451,21,19134.699999999935
38356,38.356,B,A,1452,16,19156.019999999935
38372,38.372,A,B,1453,16,19156.019999999935
38388,38.388,B,A,1454,37,19172.009999999937
38425,38.425,A,B,1455,37,19172.009999999937
38462,38.462,B,A,1456,16,19209.319999999938
38478,38.478,A,B,1457,16,19209.319999999938
38494,38.494,B,A,1458,16,19225.30999999994
38510,38.51,A,B,1459,16,19225.30999999994
38526,38.526,B,A,1460,37,19241.29999999994
38563,38.563,A,B,1461,37,19241.29999999994
38600,38.6,B,A,1462,16,19278.609999999942
38616,38.616,A,B,1463,16,19278.609999999942
38632,38.632,B,A,1464,32,19294.599999999944
38664,38.664,A,B,1465,32,19294.599999999944
38696,38.696,B,A,1466,21,19326.579999999944
38717,38.717,A,B,1467,21,19326.579999999944
38738,38.738,B,A,1468,5,19347.899999999943
38743,38.743,A,B,1469,5,19347.899999999943
38748,38.748,B,A,1470,43,19353.229999999945
38791,38.791,A,B,1471,43,19353.229999999945
38834,38.834,B,A,1472,16,19395.869999999944
38850,38.85,A,B,1473,16,19395.869999999944
38866,38.866,B,A,1474,37,19411.859999999946
38903,38.903,A,B,1475,37,19411.859999999946
38940,38.94,B,A,1476,5,19449.169999999947
38945,38.945,A,B,1477,5,19449.169999999947
38950,38.95,B,A,1478,5,19454.49999999995
38955,38.955,A,B,1479,5,19454.49999999995
38960,38.96,B,A,1480,11,19459.82999999995
38971,38.971,A,B,1481,11,19459.82999999995
38982,38.982,B,A,1482,16,19470.48999999995
38998,38.998,A,B,1483,16,19470.48999999995
39014,39.014,B,A,1484,27,19486.479999999952
39041,39.041,A,B,1485,27,19486.479999999952
39068,39.068,B,A,1486,32,19513.129999999954
39100,39.1,A,B,1487,32,19513.129999999954
39132,39.132,B,A,1488,32,19545.109999999953
39164,39.164,A,B,1489,32,19545.109999999953
39196,39.196,B,A,1490,5,19577.089999999953
39201,39.201,A,B,1491,5,19577.089999999953
39206,39.206,B,A,1492,11,19582.419999999955
39217,39.217,A,B,1493,11,19582.419999999955
39228,39.228,B,A,1494,37,19593.079999999954
39265,39.265,A,B,1495,37,19593.079999999954
39302,39.302,B,A,1496,32,19630.389999999956
39334,39.334,A,B,1497,32,19630.389999999956
39366,39.366,B,A,1498,5,19662.369999999955
39371,39.371,A,B,1499,5,19662.369999999955
39376,39.376,B,A,1500,21,19667.699999999957
39397,39.397,A,B,1501,21,19667.699999999957
39418,39.418,B,A,1502,43,19689.019999999957
39461,39.461,A,B,1503,43,19689.019999999957
39504,39.504,B,A,1504,21,19731.659999999956
39525,39.525,A,B,1505,21,19731.659999999956
39546,39.546,B,A,1506,16,19752.979999999956
39562,39.562,A,B,1507,16,19752.979999999956
39578,39.578,B,A,1508,11,19768.969999999958
39589,39.589,A,B,1509,11,19768.969999999958
39600,39.6,B,A,1510,21,19779.629999999957
39621,39.621,A,B,1511,21,19779.629999999957
39642,39.642,B,A,1512,27,19800.949999999957
39669,39.669,A,B,1513,27,19800.949999999957
39696,39.696,B,A,1514,5,19827.59999999996
39701,39.701,A,B,1515,5,19827.59999999996
39706,39.706,B,A,1516,27,19832.92999999996
39733,39.733,A,B,1517,27,19832.92999999996
39760,39.76,B,A,1518,27,19859.57999999996
39787,39.787,A,B,1519,27,19859.57999999996
39814,39.814,B,A,1520,32,19886.229999999963
39846,39.846,A,B,1521,32,19886.229999999963
39878,39.878,B,A,1522,48,19918.209999999963
39926,39.926,A,B,1523,48,19918.209999999963
39974,39.974,B,A,1524,21,19966.179999999964
39995,39.995,A,B,1525,21,19966.179999999964
40016,40.016,B,A,1526,21,19987.499999999964
40037,40.037,A,B,1527,21,19987.499999999964
40058,40.058,B,A,1528,37,20008.819999999963
40095,40.095,A,B,1529,37,20008.819999999963
40132,40.132,B,A,1530,48,20046.129999999965
40180,40.18,A,B,1531,48,20046.129999999965
40228,40.228,B,A,1532,48,20094.099999999966
40276,40.276,A,B,1533,48,20094.099999999966
40324,40.324,B,A,1534,5,20142.069999999967
40329,40.329,A,B,1535,5,20142.069999999967
40334,40.334,B,A,1536,27,20147.39999999997
40361,40.361,A,B,1537,27,20147.39999999997
40388,40.388,B,A,1538,11,20174.04999999997
40399,40.399,A,B,1539,11,20174.04999999997
40410,40.41,B,A,1540,21,20184.70999999997
40431,40.431,A,B,1541,21,20184.70999999997
40452,40.452,B,A,1542,37,20206.02999999997
40489,40.489,A,B,1543,37,20206.02999999997
40526,40.526,B,A,1544,11,20243.33999999997
40537,40.537,A,B,1545,11,20243.33999999997
40548,40.548,B,A,1546,21,20253.99999999997
40569,40.569,A,B,1547,21,20253.99999999997
40590,40.59,B,A,1548,37,20275.31999999997
40627,40.627,A,B,1549,37,20275.31999999997
40664,40.664,B,A,1550,21,20312.629999999972
40685,40.685,A,B,1551,21,20312.629999999972
40706,40.706,B,A,1552,21,20333.94999999997
40727,40.727,A,B,1553,21,20333.94999999997
40748,40.748,B,A,1554,21,20355.26999999997
40769,40.769,A,B,1555,21,20355.26999999997
40790,40.79,B,A,1556,11,20376.58999999997
40801,40.801,A,B,1557,11,20376.58999999997
40812,40.812,B,A,1558,48,20387.24999999997
40860,40.86,A,B,1559,48,20387.24999999997
40908,40.908,B,A,1560,5,20435.219999999972
40913,40.913,A,B,1561,5,20435.219999999972
40918,40.918,B,A,1562,21,20440.549999999974
40939,40.939,A,B,1563,21,20440.549999999974
40960,40.96,B,A,1564,11,20461.869999999974
40971,40.971,A,B,1565,11,20461.869999999974
40982,40.982,B,A,1566,48,20472.529999999973
41030,41.03,A,B,1567,48,20472.529999999973
41078,41.078,B,A,1568,32,20520.499999999975
41110,41.11,A,B,1569,32,20520.499999999975
41142,41.142,B,A,1570,11,20552.479999999974
41153,41.153,A,B,1571,11,20552.479999999974
41164,41.164,B,A,1572,48,20563.139999999974
41212,41.212,A,B,1573,48,20563.139999999974
41260,41.26,B,A,1574,37,20611.109999999975
41297,41.297,A,B,1575,37,20611.109999999975
41334,41.334,B,A,1576,27,20648.419999999976
41361,41.361,A,B,1577,27,20648.419999999976
41388,41.388,B,A,1578,11,20675.069999999978
41399,41.399,A,B,1579,11,20675.069999999978
41410,41.41,B,A,1580,43,20685.729999999978
41453,41.453,A,B,1581,43,20685.729999999978
41496,41.496,B,A,1582,27,20728.369999999977
41523,41.523,A,B,1583,27,20728.369999999977
41550,41.55,B,A,1584,48,20755.01999999998
41598,41.598,A,B,1585,48,20755.01999999998
41646,41.646,B,A,1586,43,20802.98999999998
41689,41.689,A,B,1587,43,20802.98999999998
41732,41.732,B,A,1588,37,20845.62999999998
41769,41.769,A,B,1589,37,20845.62999999998
41806,41.806,B,A,1590,48,20882.93999999998
41854,41.854,A,B,1591,48,20882.93999999998
41902,41.902,B,A,1592,32,20930.90999999998
41934,41.934,A,B,1593,32,20930.90999999998
41966,41.966,B,A,1594,37,20962.88999999998
42003,42.003,A,B,1595,37,20962.88999999998
42040,42.04,B,A,1596,21,21000.199999999983
42061,42.061,A,B,1597,21,21000.199999999983
42082,42.082,B,A,1598,43,21021.519999999982
42125,42.125,A,B,1599,43,21021.519999999982
42168,42.168,B,A,1600,37,21064.15999999998
42205,42.205,A,B,1601,37,21064.15999999998
42242,42.242,B,A,1602,32,21101.469999999983
42274,42.274,A,B,1603,32,21101.469999999983
42306,42.306,B,A,1604,5,21133.449999999983
42311,42.311,A,B,1605,5,21133.449999999983
42316,42.316,B,A,1606,21,21138.779999999984
42337,42.337,A,B,1607,21,21138.779999999984
42358,42.358,B,A,1608,43,21160.099999999984
42401,42.401,A,B,1609,43,21160.099999999984
42444,42.444,B,A,1610,32,21202.739999999983
42476,42.476,A,B,1611,32,21202.739999999983
42508,42.508,B,A,1612,43,21234.719999999983
42551,42.551,A,B,1613,43,21234.719999999983
42594,42.594,B,A,1614,11,21277.359999999982
42605,42.605,A,B,1615,11,21277.359999999982
42616,42.616,B,A,1616,43,21288.019999999982
42659,42.659,A,B,1617,43,21288.019999999982
42702,42.702,B,A,1618,5,21330.65999999998
42707,42.707,A,B,1619,5,21330.65999999998
42712,42.712,B,A,1620,5,21335.989999999983
42717,42.717,A,B,1621,5,21335.989999999983
42722,42.722,B,A,1622,16,21341.319999999985
42738,42.738,A,B,1623,16,21341.319999999985
42754,42.754,B,A,1624,48,21357.309999999987
42802,42.802,A,B,1625,48,21357.309999999987
42850,42.85,B,A,1626,11,21405.279999999988
42861,42.861,A,B,1627,11,21405.279999999988
42872,42.872,B,A,1628,27,21415.939999999988
42899,42.899,A,B,1629,27,21415.939999999988
42926,42.926,B,A,1630,5,21442.58999999999
42931,42.931,A,B,1631,5,21442.58999999999
42936,42.936,B,A,1632,27,21447.91999999999
42963,42.963,A,B,1633,27,21447.91999999999
42990,42.99,B,A,1634,27,21474.569999999992
43017,43.017,A,B,1635,27,21474.569999999992
43044,43.044,B,A,1636,43,21501.219999999994
43087,43.087,A,B,1637,43,21501.219999999994
43130,43.13,B,A,1638,32,21543.859999999993
43162,43.162,A,B,1639,32,21543.859999999993
43194,43.194,B,A,1640,11,21575.839999999993
43205,43.205,A,B,1641,11,21575.839999999993
43216,43.216,B,A,1642,37,21586.499999999993
43253,43.253,A,B,1643,37,21586.499999999993
43290,43.29,B,A,1644,43,21623.809999999994
43333,43.333,A,B,1645,43,21623.809999999994
43376,43.376,B,A,1646,11,21666.449999999993
43387,43.387,A,B,1647,11,21666.449999999993
43398,43.398,B,A,1648,37,21677.109999999993
43435,43.435,A,B,1649,37,21677.109999999993
43472,43.472,B,A,1650,27,21714.419999999995
43499,43.499,A,B,1651,27,21714.419999999995
43526,43.526,B,A,1652,21,21741.069999999996
43547,43.547,A,B,1653,21,21741.069999999996
43568,43.568,B,A,1654,32,21762.389999999996
43600,43.6,A,B,1655,32,21762.389999999996
43632,43.632,B,A,1656,48,21794.369999999995
43680,43.68,A,B,1657,48,21794.369999999995
43728,43.728,B,A,1658,21,21842.339999999997
43749,43.749,A,B,1659,21,21842.339999999997
43770,43.77,B,A,1660,48,21863.659999999996
43818,43.818,A,B,1661,48,21863.659999999996
43866,43.866,B,A,1662,11,21911.629999999997
43877,43.877,A,B,1663,11,21911.629999999997
43888,43.888,B,A,1664,43,21922.289999999997
43931,43.931,A,B,1665,43,21922.289999999997
43974,43.974,B,A,1666,27,21964.929999999997
44001,44.001,A,B,1667,27,21964.929999999997
44028,44.028,B,A,1668,21,21991.579999999998
44049,44.049,A,B,1669,21,21991.579999999998
44070,44.07,B,A,1670,32,22012.899999999998
44102,44.102,A,B,1671,32,22012.899999999998
44134,44.134,B,A,1672,43,22044.879999999997
44177,44.177,A,B,1673,43,22044.879999999997
44220,44.22,B,A,1674,27,22087.519999999997
44247,44.247,A,B,1675,27,22087.519999999997
44274,44.274,B,A,1676,11,22114.17
44285,44.285,A,B,1677,11,22114.17
44296,44.296,B,A,1678,32,22124.829999999998
44328,44.328,A,B,1679,32,22124.829999999998
44360,44.36,B,A,1680,27,22156.809999999998
44387,44.387,A,B,1681,27,22156.809999999998
44414,44.414,B,A,1682,11,22183.46
44425,44.425,A,B,1683,11,22183.46
44436,44.436,B,A,1684,16,22194.12
44452,44.452,A,B,1685,16,22194.12
44468,44.468,B,A,1686,43,22210.11
44511,44.511,A,B,1687,43,22210.11
44554,44.554,B,A,1688,43,22252.75
44597,44.597,A,B,1689,43,22252.75
44640,44.64,B,A,1690,5,22295.39
44645,44.645,A,B,1691,5,22295.39
44650,44.65,B,A,1692,48,22300.72
44698,44.698,A,B,1693,48,22300.72
44746,44.746,B,A,1694,37,22348.690000000002
44783,44.783,A,B,1695,37,22348.690000000002
44820,44.82,B,A,1696,21,22386.000000000004
44841,44.841,A,B,1697,21,22386.000000000004
44862,44.862,B,A,1698,21,22407.320000000003
44883,44.883,A,B,1699,21,22407.320000000003
44904,44.904,B,A,1700,32,22428.640000000003
44936,44.936,A,B,1701,32,22428.640000000003
44968,44.968,B,A,1702,21,22460.620000000003
44989,44.989,A,B,1703,21,22460.620000000003
45010,45.01,B,A,1704,11,22481.940000000002
45021,45.021,A,B,1705,11,22481.940000000002
45032,45.032,B,A,1706,16,22492.600000000002
45048,45.048,A,B,1707,16,22492.600000000002
45064,45.064,B,A,1708,37,22508.590000000004
45101,45.101,A,B,1709,37,22508.590000000004
45138,45.138,B,A,1710,37,22545.900000000005
45175,45.175,A,B,1711,37,22545.900000000005
45212,45.212,B,A,1712,43,22583.210000000006
45255,45.255,A,B,1713,43,22583.210000000006
45298,45.298,B,A,1714,5,22625.850000000006
45303,45.303,A,B,1715,5,22625.850000000006
45308,45.308,B,A,1716,11,22631.180000000008
45319,45.319,A,B,1717,11,22631.180000000008
45330,45.33,B,A,1718,32,22641.840000000007
45362,45.362,A,B,1719,32,22641.840000000007
45394,45.394,B,A,1720,27,22673.820000000007
45421,45.421,A,B,1721,27,22673.820000000007
45448,45.448,B,A,1722,27,22700.47000000001
45475,45.475,A,B,1723,27,22700.47000000001
45502,45.502,B,A,1724,16,22727.12000000001
45518,45.518,A,B,1725,16,22727.12000000001
45534,45.534,B,A,1726,21,22743.11000000001
45555,45.555,A,B,1727,21,22743.11000000001
45576,45.576,B,A,1728,21,22764.43000000001
45597,45.597,A,B,1729,21,22764.43000000001
45618,45.618,B,A,1730,48,22785.75000000001
45666,45.666,A,B,1731,48,22785.75000000001
45714,45.714,B,A,1732,27,22833.720000000012
45741,45.741,A,B,1733,27,22833.720000000012
45768,45.768,B,A,1734,43,22860.370000000014
45811,45.811,A,B,1735,43,22860.370000000014
45854,45.854,B,A,1736,43,22903.010000000013
45897,45.897,A,B,1737,43,22903.010000000013
45940,45.94,B,A,1738,48,22945.650000000012
45988,45.988,A,B,1739,48,22945.650000000012
46036,46.036,B,A,1740,16,22993.620000000014
46052,46.052,A,B,1741,16,22993.620000000014
46068,46.068,B,A,1742,48,23009.610000000015
46116,46.116,A,B,1743,48,23009.610000000015
46164,46.164,B,A,1744,37,23057.580000000016
46201,46.201,A,B,1745,37,23057.580000000016
46238,46.238,B,A,1746,21,23094.890000000018
46259,46.259,A,B,1747,21,23094.890000000018
46280,46.28,B,A,1748,16,23116.210000000017
46296,46.296,A,B,1749,16,23116.210000000017
46312,46.312,B,A,1750,32,23132.20000000002
46344,46.344,A,B,1751,32,23132.20000000002
46376,46.376,B,A,1752,21,23164.18000000002
46397,46.397,A,B,1753,21,23164.18000000002
46418,46.418,B,A,1754,32,23185.50000000002
46450,46.45,A,B,1755,32,23185.50000000002
46482,46.482,B,A,1756,43,23217.480000000018
46525,46.525,A,B,1757,43,23217.480000000018
46568,46.568,B,A,1758,11,23260.120000000017
46579,46.579,A,B,1759,11,23260.120000000017
46590,46.59,B,A,1760,11,23270.780000000017
46601,46.601,A,B,1761,11,23270.780000000017
46612,46.612,B,A,1762,43,23281.440000000017
46655,46.655,A,B,1763,43,23281.440000000017
46698,46.698,B,A,1764,48,23324.080000000016
46746,46.746,A,B,1765,48,23324.080000000016
46794,46.794,B,A,1766,43,23372.050000000017
46837,46.837,A,B,1767,43,23372.050000000017
46880,46.88,B,A,1768,11,23414.690000000017
46891,46.891,A,B,1769,11,23414.690000000017
46902,46.902,B,A,1770,11,23425.350000000017
46913,46.913,A,B,1771,11,23425.350000000017
46924,46.924,B,A,1772,5,23436.010000000017
46929,46.929,A,B,1773,5,23436.010000000017
46934,46.934,B,A,1774,21,23441.34000000002
46955,46.955,A,B,1775,21,23441.34000000002
46976,46.976,B,A,1776,11,23462.660000000018
46987,46.987,A,B,1777,11,23462.660000000018
46998,46.998,B,A,1778,16,23473.320000000018
47014,47.014,A,B,1779,16,23473.320000000018
47030,47.03,B,A,1780,27,23489.31000000002
47057,47.057,A,B,1781,27,23489.31000000002
47084,47.084,B,A,1782,43,23515.96000000002
47127,47.127,A,B,1783,43,23515.96000000002
47170,47.17,B,A,1784,48,23558.60000000002
47218,47.218,A,B,1785,48,23558.60000000002
47266,47.266,B,A,1786,37,23606.57000000002
47303,47.303,A,B,1787,37,23606.57000000002
47340,47.34,B,A,1788,21,23643.880000000023
47361,47.361,A,B,1789,21,23643.880000000023
47382,47.382,B,A,1790,48,23665.200000000023
47430,47.43,A,B,1791,48,23665.200000000023
47478,47.478,B,A,1792,48,23713.170000000024
47526,47.526,A,B,1793,48,23713.170000000024
47574,47.574,B,A,1794,27,23761.140000000025
47601,47.601,A,B,1795,27,23761.140000000025
47628,47.628,B,A,1796,32,23787.790000000026
47660,47.66,A,B,1797,32,23787.790000000026
47692,47.692,B,A,1798,48,23819.770000000026
47740,47.74,A,B,1799,48,23819.770000000026
47788,47.788,B,A,1800,43,23867.740000000027
47831,47.831,A,B,1801,43,23867.740000000027
47874,47.874,B,A,1802,5,23910.380000000026
47879,47.879,A,B,1803,5,23910.380000000026
47884,47.884,B,A,1804,43,23915.71000000003
47927,47.927,A,B,1805,43,23915.71000000003
47970,47.97,B,A,1806,11,23958.350000000028
47981,47.981,A,B,1807,11,23958.350000000028
47992,47.992,B,A,1808,48,23969.010000000028
48040,48.04,A,B,1809,48,23969.010000000028
48088,48.088,B,A,1810,21,24016.98000000003
48109,48.109,A,B,1811,21,24016.98000000003
48130,48.13,B,A,1812,21,24038.30000000003
48151,48.151,A,B,1813,21,24038.30000000003
48172,48.172,B,A,1814,32,24059.620000000028
48204,48.204,A,B,1815,32,24059.620000000028
48236,48.236,B,A,1816,11,24091.600000000028
48247,48.247,A,B,1817,11,24091.600000000028
48258,48.258,B,A,1818,16,24102.260000000028
48274,48.274,A,B,1819,16,24102.260000000028
48290,48.29,B,A,1820,5,24118.25000000003
48295,48.295,A,B,1821,5,24118.25000000003
48300,48.3,B,A,1822,5,24123.58000000003
48305,48.305,A,B,1823,5,24123.58000000003
48310,48.31,B,A,1824,43,24128.910000000033
48353,48.353,A,B,1825,43,24128.910000000033
48396,48.396,B,A,1826,5,24171.550000000032
48401,48.401,A,B,1827,5,24171.550000000032
48406,48.406,B,A,1828,48,24176.880000000034
48454,48.454,A,B,1829,48,24176.880000000034
48502,48.502,B,A,1830,11,24224.850000000035
48513,48.513,A,B,1831,11,24224.850000000035
48524,48.524,B,A,1832,32,24235.510000000035
48556,48.556,A,B,1833,32,24235.510000000035
48588,48.588,B,A,1834,48,24267.490000000034
48636,48.636,A,B,1835,48,24267.490000000034
48684,48.684,B,A,1836,48,24315.460000000036
48732,48.732,A,B,1837,48,24315.460000000036
48780,48.78,B,A,1838,16,24363.430000000037
48796,48.796,A,B,1839,16,24363.430000000037
48812,48.812,B,A,1840,43,24379.42000000004
48855,48.855,A,B,1841,43,24379.42000000004
48898,48.898,B,A,1842,37,24422.060000000038
48935,48.935,A,B,1843,37,24422.060000000038
48972,48.972,B,A,1844,11,24459.37000000004
48983,48.983,A,B,1845,11,24459.37000000004
48994,48.994,B,A,1846,11,24470.03000000004
49005,49.005,A,B,1847,11,24470.03000000004
49016,49.016,B,A,1848,5,24480.69000000004
49021,49.021,A,B,1849,5,24480.69000000004
49026,49.026,B,A,1850,48,24486.02000000004
49074,49.074,A,B,1851,48,24486.02000000004
49122,49.122,B,A,1852,27,24533.99000000004
49149,49.149,A,B,1853,27,24533.99000000004
49176,49.176,B,A,1854,32,24560.640000000043
49208,49.208,A,B,1855,32,24560.640000000043
49240,49.24,B,A,1856,32,24592.620000000043
49272,49.272,A,B,1857,32,24592.620000000043
49304,49.304,B,A,1858,27,24624.600000000042
49331,49.331,A,B,1859,27,24624.600000000042
49358,49.358,B,A,1860,48,24651.250000000044
49406,49.406,A,B,1861,48,24651.250000000044
49454,49.454,B,A,1862,16,24699.220000000045
49470,49.47,A,B,1863,16,24699.220000000045
49486,49.486,B,A,1864,27,24715.210000000046
49513,49.513,A,B,1865,27,24715.210000000046
49540,49.54,B,A,1866,43,24741.860000000048
49583,49.583,A,B,1867,43,24741.860000000048
49626,49.626,B,A,1868,5,24784.500000000047
49631,49.631,A,B,1869,5,24784.500000000047
49636,49.636,B,A,1870,48,24789.83000000005
49684,49.684,A,B,1871,48,24789.83000000005
49732,49.732,B,A,1872,32,24837.80000000005
49764,49.764,A,B,1873,32,24837.80000000005
49796,49.796,B,A,1874,16,24869.78000000005
49812,49.812,A,B,1875,16,24869.78000000005
49828,49.828,B,A,1876,32,24885.77000000005
49860,49.86,A,B,1877,32,24885.77000000005
49892,49.892,B,A,1878,16,24917.75000000005
49908,49.908,A,B,1879,16,24917.75000000005
49924,49.924,B,A,1880,5,24933.740000000053
49929,49.929,A,B,1881,5,24933.740000000053
49934,49.934,B,A,1882,37,24939.070000000054
49971,49.971,A,B,1883,37,24939.070000000054
50008,50.008,B,A,1884,43,24976.380000000056
50051,50.051,A,B,1885,43,24976.380000000056
50094,50.094,B,A,1886,5,25019.020000000055
50099,50.099,A,B,1887,5,25019.020000000055
50104,50.104,B,A,1888,27,25024.350000000057
50131,50.131,A,B,1889,27,25024.350000000057
50158,50.158,B,A,1890,11,25051.00000000006
50169,50.169,A,B,1891,11,25051.00000000006
50180,50.18,B,A,1892,21,25061.660000000058
50201,50.201,A,B,1893,21,25061.660000000058
50222,50.222,B,A,1894,32,25082.980000000058
50254,50.254,A,B,1895,32,25082.980000000058
50286,50.286,B,A,1896,32,25114.960000000057
50318,50.318,A,B,1897,32,25114.960000000057
50350,50.35,B,A,1898,21,25146.940000000057
50371,50.371,A,B,1899,21,25146.940000000057
50392,50.392,B,A,1900,43,25168.260000000057
50435,50.435,A,B,1901,43,25168.260000000057
50478,50.478,B,A,1902,43,25210.900000000056
50521,50.521,A,B,1903,43,25210.900000000056
50564,50.564,B,A,1904,43,25253.540000000055
50607,50.607,A,B,1905,43,25253.540000000055
50650,50.65,B,A,1906,5,25296.180000000055
50655,50.655,A,B,1907,5,25296.180000000055
50660,50.66,B,A,1908,37,25301.510000000057
50697,50.697,A,B,1909,37,25301.510000000057
50734,50.734,B,A,1910,27,25338.820000000058
50761,50.761,A,B,1911,27,25338.820000000058
50788,50.788,B,A,1912,48,25365.47000000006
50836,50.836,A,B,1913,48,25365.47000000006
50884,50.884,B,A,1914,43,25413.44000000006
50927,50.927,A,B,1915,43,25413.44000000006
50970,50.97,B,A,1916,11,25456.08000000006
50981,50.981,A,B,1917,11,25456.08000000006
50992,50.992,B,A,1918,48,25466.74000000006
51040,51.04,A,B,1919,48,25466.74000000006
51088,51.088,B,A,1920,16,25514.71000000006
51104,51.104,A,B,1921,16,25514.71000000006
51120,51.12,B,A,1922,48,25530.700000000063
51168,51.168,A,B,1923,48,25530.700000000063
51216,51.216,B,A,1924,27,25578.670000000064
51243,51.243,A,B,1925,27,25578.670000000064
51270,51.27,B,A,1926,48,25605.320000000065
51318,51.318,A,B,1927,48,25605.320000000065
51366,51.366,B,A,1928,5,25653.290000000066
51371,51.371,A,B,1929,5,25653.290000000066
51376,51.376,B,A,1930,5,25658.620000000068
51381,51.381,A,B,1931,5,25658.620000000068
51386,51.386,B,A,1932,37,25663.95000000007
51423,51.423,A,B,1933,37,25663.95000000007
51460,51.46,B,A,1934,5,25701.26000000007
51465,51.465,A,B,1935,5,25701.26000000007
51470,51.47,B,A,1936,27,25706.590000000073
51497,51.497,A,B,1937,27,25706.590000000073
51524,51.524,B,A,1938,11,25733.240000000074
51535,51.535,A,B,1939,11,25733.240000000074
51546,51.546,B,A,1940,32,25743.900000000074
51578,51.578,A,B,1941,32,25743.900000000074
51610,51.61,B,A,1942,48,25775.880000000074
51658,51.658,A,B,1943,48,25775.880000000074
51706,51.706,B,A,1944,5,25823.850000000075
51711,51.711,A,B,1945,5,25823.850000000075
51716,51.716,B,A,1946,48,25829.180000000077
51764,51.764,A,B,1947,48,25829.180000000077
51812,51.812,B,A,1948,16,25877.150000000078
51828,51.828,A,B,1949,16,25877.150000000078
51844,51.844,B,A,1950,43,25893.14000000008
51887,51.887,A,B,1951,43,25893.14000000008
51930,51.93,B,A,1952,11,25935.78000000008
51941,51.941,A,B,1953,11,25935.78000000008
51952,51.952,B,A,1954,27,25946.44000000008
51979,51.979,A,B,1955,27,25946.44000000008
52006,52.006,B,A,1956,16,25973.09000000008
52022,52.022,A,B,1957,16,25973.09000000008
52038,52.038,B,A,1958,48,25989.08000000008
52086,52.086,A,B,1959,48,25989.08000000008
52134,52.134,B,A,1960,43,26037.050000000083
52177,52.177,A,B,1961,43,26037.050000000083
52220,52.22,B,A,1962,32,26079.690000000082
52252,52.252,A,B,1963,32,26079.690000000082
52284,52.284,B,A,1964,43,26111.670000000082
52327,52.327,A,B,1965,43,26111.670000000082
52370,52.37,B,A,1966,16,26154.31000000008
52386,52.386,A,B,1967,16,26154.31000000008
52402,52.402,B,A,1968,27,26170.300000000083
52429,52.429,A,B,1969,27,26170.300000000083
52456,52.456,B,A,1970,27,26196.950000000084
52483,52.483,A,B,1971,27,26196.950000000084
52510,52.51,B,A,1972,5,26223.600000000086
52515,52.515,A,B,1973,5,26223.600000000086
52520,52.52,B,A,1974,32,26228.930000000088
52552,52.552,A,B,1975,32,26228.930000000088
52584,52.584,B,A,1976,16,26260.910000000087
52600,52.6,A,B,1977,16,26260.910000000087
52616,52.616,B,A,1978,43,26276.90000000009
52659,52.659,A,B,1979,43,26276.90000000009
52702,52.702,B,A,1980,48,26319.54000000009
52750,52.75,A,B,1981,48,26319.54000000009
52798,52.798,B,A,1982,5,26367.51000000009
52803,52.803,A,B,1983,5,26367.51000000009
52808,52.808,B,A,1984,21,26372.84000000009
52829,52.829,A,B,1985,21,26372.84000000009
52850,52.85,B,A,1986,48,26394.16000000009
52898,52.898,A,B,1987,48,26394.16000000009
52946,52.946,B,A,1988,48,26442.130000000092
52994,52.994,A,B,1989,48,26442.130000000092
53042,53.042,B,A,1990,43,26490.100000000093
53085,53.085,A,B,1991,43,26490.100000000093
53128,53.128,B,A,1992,32,26532.740000000093
53160,53.16,A,B,1993,32,26532.740000000093
53192,53.192,B,A,1994,16,26564.720000000092
53208,53.208,A,B,1995,16,26564.720000000092
53224,53.224,B,A,1996,48,26580.710000000094
53272,53.272,A,B,1997,48,26580.710000000094
53320,53.32,B,A,1998,27,26628.680000000095
53347,53.347,A,B,1999,27,26628.680000000095
53374,53.374,B,A,2000,43,26655.330000000096
53417,53.417,A,B,2001,43,26655.330000000096
53460,53.46,B,A,2002,32,26697.970000000096
53492,53.492,A,B,2003,32,26697.970000000096
53524,53.524,B,A,2004,32,26729.950000000095
53556,53.556,A,B,2005,32,26729.950000000095
53588,53.588,B,A,2006,48,26761.930000000095
53636,53.636,A,B,2007,48,26761.930000000095
53684,53.684,B,A,2008,21,26809.900000000096
53705,53.705,A,B,2009,21,26809.900000000096
53726,53.726,B,A,2010,43,26831.220000000096
53769,53.769,A,B,2011,43,26831.220000000096
53812,53.812,B,A,2012,27,26873.860000000095
53839,53.839,A,B,2013,27,26873.860000000095
53866,53.866,B,A,2014,5,26900.510000000097
53871,53.871,A,B,2015,5,26900.510000000097
53876,53.876,B,A,2016,32,26905.8400000001
53908,53.908,A,B,2017,32,26905.8400000001
53940,53.94,B,A,2018,5,26937.820000000098
53945,53.945,A,B,2019,5,26937.820000000098
53950,53.95,B,A,2020,16,26943.1500000001
53966,53.966,A,B,2021,16,26943.1500000001
53982,53.982,B,A,2022,32,26959.1400000001
54014,54.014,A,B,2023,32,26959.1400000001
54046,54.046,B,A,2024,48,26991.1200000001
54094,54.094,A,B,2025,48,26991.1200000001
54142,54.142,B,A,2026,16,27039.090000000102
54158,54.158,A,B,2027,16,27039.090000000102
54174,54.174,B,A,2028,43,27055.080000000104
54217,54.217,A,B,2029,43,27055.080000000104
54260,54.26,B,A,2030,16,27097.720000000103
54276,54.276,A,B,2031,16,27097.720000000103
54292,54.292,B,A,2032,37,27113.710000000105
54329,54.329,A,B,2033,37,27113.710000000105
54366,54.366,B,A,2034,32,27151.020000000106
54398,54.398,A,B,2035,32,27151.020000000106
54430,54.43,B,A,2036,48,27183.000000000106
54478,54.478,A,B,2037,48,27183.000000000106
54526,54.526,B,A,2038,27,27230.970000000107
54553,54.553,A,B,2039,27,27230.970000000107
54580,54.58,B,A,2040,37,27257.620000000108
54617,54.617,A,B,2041,37,27257.620000000108
54654,54.654,B,A,2042,32,27294.93000000011
54686,54.686,A,B,2043,32,27294.93000000011
54718,54.718,B,A,2044,5,27326.91000000011
54723,54.723,A,B,2045,5,27326.91000000011
54728,54.728,B,A,2046,43,27332.24000000011
54771,54.771,A,B,2047,43,27332.24000000011
54814,54.814,B,A,2048,27,27374.88000000011
54841,54.841,A,B,2049,27,27374.88000000011
54868,54.868,B,A,2050,16,27401.53000000011
54884,54.884,A,B,2051,16,27401.53000000011
54900,54.9,B,A,2052,37,27417.520000000113
54937,54.937,A,B,2053,37,27417.520000000113
54974,54.974,B,A,2054,43,27454.830000000115
55017,55.017,A,B,2055,43,27454.830000000115
55060,55.06,B,A,2056,11,27497.470000000114
55071,55.071,A,B,2057,11,27497.470000000114
55082,55.082,B,A,2058,11,27508.130000000114
55093,55.093,A,B,2059,11,27508.130000000114
55104,55.104,B,A,2060,43,27518.790000000114
55147,55.147,A,B,2061,43,27518.790000000114
55190,55.19,B,A,2062,37,27561.430000000113
55227,55.227,A,B,2063,37,27561.430000000113
55264,55.264,B,A,2064,32,27598.740000000114
55296,55.296,A,B,2065,32,27598.740000000114
55328,55.328,B,A,2066,43,27630.720000000114
55371,55.371,A,B,2067,43,27630.720000000114
55414,55.414,B,A,2068,43,27673.360000000113
55457,55.457,A,B,2069,43,27673.360000000113
55500,55.5,B,A,2070,16,27716.000000000113
55516,55.516,A,B,2071,16,27716.000000000113
55532,55.532,B,A,2072,21,27731.990000000114
55553,55.553,A,B,2073,21,27731.990000000114
55574,55.574,B,A,2074,27,27753.310000000114
55601,55.601,A,B,2075,27,27753.310000000114
55628,55.628,B,A,2076,37,27779.960000000116
55665,55.665,A,B,2077,37,27779.960000000116
55702,55.702,B,A,2078,21,27817.270000000117
55723,55.723,A,B,2079,21,27817.270000000117
55744,55.744,B,A,2080,11,27838.590000000117
55755,55.755,A,B,2081,11,27838.590000000117
55766,55.766,B,A,2082,48,27849.250000000116
55814,55.814,A,B,2083,48,27849.250000000116
55862,55.862,B,A,2084,37,27897.220000000118
55899,55.899,A,B,2085,37,27897.220000000118
55936,55.936,B,A,2086,37,27934.53000000012
55973,55.973,A,B,2087,37,27934.53000000012
56010,56.01,B,A,2088,27,27971.84000000012
56037,56.037,A,B,2089,27,27971.84000000012
56064,56.064,B,A,2090,32,27998.49000000012
56096,56.096,A,B,2091,32,27998.49000000012
56128,56.128,B,A,2092,43,28030.47000000012
56171,56.171,A,B,2093,43,28030.47000000012
56214,56.214,B,A,2094,11,28073.11000000012
56225,56.225,A,B,2095,11,28073.11000000012
56236,56.236,B,A,2096,27,28083.77000000012
56263,56.263,A,B,2097,27,28083.77000000012
56290,56.29,B,A,2098,5,28110.420000000122
56295,56.295,A,B,2099,5,28110.420000000122
56300,56.3,B,A,2100,21,28115.750000000124
56321,56.321,A,B,2101,21,28115.750000000124
56342,56.342,B,A,2102,21,28137.070000000123
56363,56.363,A,B,2103,21,28137.070000000123
56384,56.384,B,A,2104,27,28158.390000000123
56411,56.411,A,B,2105,27,28158.390000000123
56438,56.438,B,A,2106,48,28185.040000000125
56486,56.486,A,B,2107,48,28185.040000000125
56534,56.534,B,A,2108,27,28233.010000000126
56561,56.561,A,B,2109,27,28233.010000000126
56588,56.588,B,A,2110,16,28259.660000000127
56604,56.604,A,B,2111,16,28259.660000000127
56620,56.62,B,A,2112,37,28275.65000000013
56657,56.657,A,B,2113,37,28275.65000000013
56694,56.694,B,A,2114,16,28312.96000000013
56710,56.71,A,B,2115,16,28312.96000000013
56726,56.726,B,A,2116,43,28328.95000000013
56769,56.769,A,B,2117,43,28328.95000000013
56812,56.812,B,A,2118,48,28371.59000000013
56860,56.86,A,B,2119,48,28371.59000000013
56908,56.908,B,A,2120,11,28419.560000000132
56919,56.919,A,B,2121,11,28419.560000000132
56930,56.93,B,A,2122,16,28430.220000000132
56946,56.946,A,B,2123,16,28430.220000000132
56962,56.962,B,A,2124,16,28446.210000000134
56978,56.978,A,B,2125,16,28446.210000000134
56994,56.994,B,A,2126,27,28462.200000000135
57021,57.021,A,B,2127,27,28462.200000000135
57048,57.048,B,A,2128,32,28488.850000000137
57080,57.08,A,B,2129,32,28488.850000000137
57112,57.112,B,A,2130,32,28520.830000000136
57144,57.144,A,B,2131,32,28520.830000000136
57176,57.176,B,A,2132,32,28552.810000000136
57208,57.208,A,B,2133,32,28552.810000000136
57240,57.24,B,A,2134,16,28584.790000000135
57256,57.256,A,B,2135,16,28584.790000000135
57272,57.272,B,A,2136,27,28600.780000000137
57299,57.299,A,B,2137,27,28600.780000000137
57326,57.326,B,A,2138,5,28627.43000000014
57331,57.331,A,B,2139,5,28627.43000000014
57336,57.336,B,A,2140,48,28632.76000000014
57384,57.384,A,B,2141,48,28632.76000000014
57432,57.432,B,A,2142,48,28680.73000000014
57480,57.48,A,B,2143,48,28680.73000000014
57528,57.528,B,A,2144,5,28728.700000000143
57533,57.533,A,B,2145,5,28728.700000000143
57538,57.538,B,A,2146,16,28734.030000000144
57554,57.554,A,B,2147,16,28734.030000000144
57570,57.57,B,A,2148,37,28750.020000000146
57607,57.607,A,B,2149,37,28750.020000000146
57644,57.644,B,A,2150,5,28787.330000000147
57649,57.649,A,B,2151,5,28787.330000000147
57654,57.654,B,A,2152,27,28792.66000000015
57681,57.681,A,B,2153,27,28792.66000000015
57708,57.708,B,A,2154,43,28819.31000000015
57751,57.751,A,B,2155,43,28819.31000000015
57794,57.794,B,A,2156,37,28861.95000000015
57831,57.831,A,B,2157,37,28861.95000000015
57868,57.868,B,A,2158,43,28899.26000000015
57911,57.911,A,B,2159,43,28899.26000000015
57954,57.954,B,A,2160,5,28941.90000000015
57959,57.959,A,B,2161,5,28941.90000000015
57964,57.964,B,A,2162,5,28947.230000000152
57969,57.969,A,B,2163,5,28947.230000000152
57974,57.974,B,A,2164,11,28952.560000000154
57985,57.985,A,B,2165,11,28952.560000000154
57996,57.996,B,A,2166,5,28963.220000000154
58001,58.001,A,B,2167,5,28963.220000000154
58006,58.006,B,A,2168,21,28968.550000000156
58027,58.027,A,B,2169,21,28968.550000000156
58048,58.048,B,A,2170,32,28989.870000000155
58080,58.08,A,B,2171,32,28989.870000000155
58112,58.112,B,A,2172,32,29021.850000000155
58144,58.144,A,B,2173,32,29021.850000000155
58176,58.176,B,A,2174,27,29053.830000000155
58203,58.203,A,B,2175,27,29053.830000000155
58230,58.23,B,A,2176,43,29080.480000000156
58273,58.273,A,B,2177,43,29080.480000000156
58316,58.316,B,A,2178,43,29123.120000000155
58359,58.359,A,B,2179,43,29123.120000000155
58402,58.402,B,A,2180,21,29165.760000000155
58423,58.423,A,B,2181,21,29165.760000000155
58444,58.444,B,A,2182,32,29187.080000000155
58476,58.476,A,B,2183,32,29187.080000000155
58508,58.508,B,A,2184,27,29219.060000000154
58535,58.535,A,B,2185,27,29219.060000000154
58562,58.562,B,A,2186,37,29245.710000000156
58599,58.599,A,B,2187,37,29245.710000000156
58636,58.636,B,A,2188,21,29283.020000000157
58657,58.657,A,B,2189,21,29283.020000000157
58678,58.678,B,A,2190,5,29304.340000000157
58683,58.683,A,B,2191,5,29304.340000000157
58688,58.688,B,A,2192,27,29309.67000000016
58715,58.715,A,B,2193,27,29309.67000000016
58742,58.742,B,A,2194,37,29336.32000000016
58779,58.779,A,B,2195,37,29336.32000000016
58816,58.816,B,A,2196,5,29373.63000000016
58821,58.821,A,B,2197,5,29373.63000000016
58826,58.826,B,A,2198,16,29378.960000000163
58842,58.842,A,B,2199,16,29378.960000000163
58858,58.858,B,A,2200,48,29394.950000000164
58906,58.906,A,B,2201,48,29394.950000000164
58954,58.954,B,A,2202,11,29442.920000000166
58965,58.965,A,B,2203,11,29442.920000000166
58976,58.976,B,A,2204,32,29453.580000000165
59008,59.008,A,B,2205,32,29453.580000000165
59040,59.04,B,A,2206,32,29485.560000000165
59072,59.072,A,B,2207,32,29485.560000000165
59104,59.104,B,A,2208,32,29517.540000000165
59136,59.136,A,B,2209,32,29517.540000000165
59168,59.168,B,A,2210,32,29549.520000000164
59200,59.2,A,B,2211,32,29549.520000000164
59232,59.232,B,A,2212,27,29581.500000000164
59259,59.259,A,B,2213,27,29581.500000000164
59286,59.286,B,A,2214,21,29608.150000000165
59307,59.307,A,B,2215,21,29608.150000000165
59328,59.328,B,A,2216,37,29629.470000000165
59365,59.365,A,B,2217,37,29629.470000000165
59402,59.402,B,A,2218,21,29666.780000000166
59423,59.423,A,B,2219,21,29666.780000000166
59444,59.444,B,A,2220,16,29688.100000000166
59460,59.46,A,B,2221,16,29688.100000000166
59476,59.476,B,A,2222,5,29704.090000000167
59481,59.481,A,B,2223,5,29704.090000000167
59486,59.486,B,A,2224,21,29709.42000000017
59507,59.507,A,B,2225,21,29709.42000000017
59528,59.528,B,A,2226,43,29730.74000000017
59571,59.571,A,B,2227,43,29730.74000000017
59614,59.614,B,A,2228,48,29773.38000000017
59662,59.662,A,B,2229,48,29773.38000000017
59710,59.71,B,A,2230,11,29821.35000000017
59721,59.721,A,B,2231,11,29821.35000000017
59732,59.732,B,A,2232,16,29832.01000000017
59748,59.748,A,B,2233,16,29832.01000000017
59764,59.764,B,A,2234,11,29848.00000000017
59775,59.775,A,B,2235,11,29848.00000000017
59786,59.786,B,A,2236,43,29858.66000000017
59829,59.829,A,B,2237,43,29858.66000000017
59872,59.872,B,A,2238,27,29901.30000000017
59899,59.899,A,B,2239,27,29901.30000000017
59926,59.926,B,A,2240,48,29927.95000000017
59974,59.974,A,B,2241,48,29927.95000000017
60022,60.022,B,A,2242,24,29975.920000000173
60046,60.046,A,B,2243,24,29975.920000000173
